# Apurva's Dental 3D Anatomical Human Molar Model
# Vertices: 3124
# Faces: 6168

v 1.1306 0.0000 0.0000
v 1.1401 0.0000 0.1257
v 1.1275 0.0000 0.2493
v 1.0908 0.0000 0.3686
v 1.0291 0.0000 0.4816
v 0.9432 0.0000 0.5863
v 0.8348 0.0000 0.6810
v 0.7074 0.0000 0.7641
v 0.5653 0.0000 0.8341
v 0.4135 0.0000 0.8898
v 0.2573 0.0000 0.9303
v 0.1014 0.0000 0.9549
v -0.0500 0.0000 0.9631
v -0.1938 0.0000 0.9549
v -0.3280 0.0000 0.9303
v -0.4518 0.0000 0.8898
v -0.5653 0.0000 0.8341
v -0.6691 0.0000 0.7641
v -0.7641 0.0000 0.6810
v -0.8508 0.0000 0.5863
v -0.9291 0.0000 0.4816
v -0.9984 0.0000 0.3686
v -1.0567 0.0000 0.2493
v -1.1018 0.0000 0.1257
v -1.1306 0.0000 0.0000
v -1.1401 0.0000 -0.1257
v -1.1275 0.0000 -0.2493
v -1.0908 0.0000 -0.3686
v -1.0291 0.0000 -0.4816
v -0.9432 0.0000 -0.5863
v -0.8348 0.0000 -0.6810
v -0.7074 0.0000 -0.7641
v -0.5653 0.0000 -0.8341
v -0.4135 0.0000 -0.8898
v -0.2573 0.0000 -0.9303
v -0.1014 0.0000 -0.9549
v 0.0500 0.0000 -0.9631
v 0.1938 0.0000 -0.9549
v 0.3280 0.0000 -0.9303
v 0.4518 0.0000 -0.8898
v 0.5653 0.0000 -0.8341
v 0.6691 0.0000 -0.7641
v 0.7641 0.0000 -0.6810
v 0.8508 0.0000 -0.5863
v 0.9291 0.0000 -0.4816
v 0.9984 0.0000 -0.3686
v 1.0567 0.0000 -0.2493
v 1.1018 0.0000 -0.1257
v 1.1931 0.0893 0.0000
v 1.2022 0.0893 0.1333
v 1.1882 0.0893 0.2643
v 1.1490 0.0893 0.3909
v 1.0839 0.0893 0.5108
v 0.9934 0.0893 0.6219
v 0.8796 0.0893 0.7224
v 0.7459 0.0893 0.8105
v 0.5969 0.0893 0.8847
v 0.4377 0.0893 0.9437
v 0.2735 0.0893 0.9865
v 0.1096 0.0893 1.0124
v -0.0500 0.0893 1.0210
v -0.2019 0.0893 1.0121
v -0.3441 0.0893 0.9859
v -0.4755 0.0893 0.9428
v -0.5962 0.0893 0.8837
v -0.7067 0.0893 0.8095
v -0.8077 0.0893 0.7215
v -0.8997 0.0893 0.6211
v -0.9827 0.0893 0.5102
v -1.0556 0.0893 0.3905
v -1.1167 0.0893 0.2642
v -1.1636 0.0893 0.1332
v -1.1931 0.0893 0.0000
v -1.2022 0.0893 -0.1333
v -1.1882 0.0893 -0.2643
v -1.1490 0.0893 -0.3909
v -1.0839 0.0893 -0.5108
v -0.9934 0.0893 -0.6219
v -0.8796 0.0893 -0.7224
v -0.7459 0.0893 -0.8105
v -0.5969 0.0893 -0.8847
v -0.4377 0.0893 -0.9437
v -0.2735 0.0893 -0.9865
v -0.1096 0.0893 -1.0124
v 0.0500 0.0893 -1.0210
v 0.2019 0.0893 -1.0121
v 0.3441 0.0893 -0.9859
v 0.4755 0.0893 -0.9428
v 0.5962 0.0893 -0.8837
v 0.7067 0.0893 -0.8095
v 0.8077 0.0893 -0.7215
v 0.8997 0.0893 -0.6211
v 0.9827 0.0893 -0.5102
v 1.0556 0.0893 -0.3905
v 1.1167 0.0893 -0.2642
v 1.1636 0.0893 -0.1332
v 1.2570 0.1786 0.0000
v 1.2660 0.1786 0.1411
v 1.2506 0.1786 0.2798
v 1.2090 0.1786 0.4139
v 1.1403 0.1786 0.5409
v 1.0452 0.1786 0.6587
v 0.9258 0.1786 0.7652
v 0.7857 0.1786 0.8584
v 0.6295 0.1786 0.9369
v 0.4625 0.1786 0.9992
v 0.2903 0.1786 1.0443
v 0.1180 0.1786 1.0714
v -0.0500 0.1786 1.0802
v -0.2102 0.1786 1.0705
v -0.3604 0.1786 1.0425
v -0.4995 0.1786 0.9967
v -0.6275 0.1786 0.9340
v -0.7447 0.1786 0.8555
v -0.8518 0.1786 0.7625
v -0.9493 0.1786 0.6565
v -1.0369 0.1786 0.5393
v -1.1136 0.1786 0.4129
v -1.1777 0.1786 0.2793
v -1.2265 0.1786 0.1409
v -1.2570 0.1786 0.0000
v -1.2660 0.1786 -0.1411
v -1.2506 0.1786 -0.2798
v -1.2090 0.1786 -0.4139
v -1.1403 0.1786 -0.5409
v -1.0452 0.1786 -0.6587
v -0.9258 0.1786 -0.7652
v -0.7857 0.1786 -0.8584
v -0.6295 0.1786 -0.9369
v -0.4625 0.1786 -0.9992
v -0.2903 0.1786 -1.0443
v -0.1180 0.1786 -1.0714
v 0.0500 0.1786 -1.0802
v 0.2102 0.1786 -1.0705
v 0.3604 0.1786 -1.0425
v 0.4995 0.1786 -0.9967
v 0.6275 0.1786 -0.9340
v 0.7447 0.1786 -0.8555
v 0.8518 0.1786 -0.7625
v 0.9493 0.1786 -0.6565
v 1.0369 0.1786 -0.5393
v 1.1136 0.1786 -0.4129
v 1.1777 0.1786 -0.2793
v 1.2265 0.1786 -0.1409
v 1.3219 0.2679 0.0000
v 1.3308 0.2679 0.1490
v 1.3143 0.2679 0.2956
v 1.2702 0.2679 0.4374
v 1.1980 0.2679 0.5718
v 1.0982 0.2679 0.6964
v 0.9731 0.2679 0.8089
v 0.8263 0.2679 0.9075
v 0.6628 0.2679 0.9903
v 0.4879 0.2679 1.0560
v 0.3073 0.2679 1.1033
v 0.1265 0.2679 1.1316
v -0.0500 0.2679 1.1405
v -0.2186 0.2679 1.1298
v -0.3770 0.2679 1.0999
v -0.5239 0.2679 1.0514
v -0.6591 0.2679 0.9851
v -0.7831 0.2679 0.9021
v -0.8964 0.2679 0.8040
v -0.9993 0.2679 0.6922
v -1.0917 0.2679 0.5687
v -1.1724 0.2679 0.4355
v -1.2395 0.2679 0.2947
v -1.2904 0.2679 0.1487
v -1.3219 0.2679 0.0000
v -1.3308 0.2679 -0.1490
v -1.3143 0.2679 -0.2956
v -1.2702 0.2679 -0.4374
v -1.1980 0.2679 -0.5718
v -1.0982 0.2679 -0.6964
v -0.9731 0.2679 -0.8089
v -0.8263 0.2679 -0.9075
v -0.6628 0.2679 -0.9903
v -0.4879 0.2679 -1.0560
v -0.3073 0.2679 -1.1033
v -0.1265 0.2679 -1.1316
v 0.0500 0.2679 -1.1405
v 0.2186 0.2679 -1.1298
v 0.3770 0.2679 -1.0999
v 0.5239 0.2679 -1.0514
v 0.6591 0.2679 -0.9851
v 0.7831 0.2679 -0.9021
v 0.8964 0.2679 -0.8040
v 0.9993 0.2679 -0.6922
v 1.0917 0.2679 -0.5687
v 1.1724 0.2679 -0.4355
v 1.2395 0.2679 -0.2947
v 1.2904 0.2679 -0.1487
v 1.3876 0.3571 0.0000
v 1.3965 0.3571 0.1570
v 1.3788 0.3571 0.3117
v 1.3324 0.3571 0.4613
v 1.2566 0.3571 0.6031
v 1.1520 0.3571 0.7346
v 1.0211 0.3571 0.8534
v 0.8677 0.3571 0.9574
v 0.6966 0.3571 1.0446
v 0.5136 0.3571 1.1136
v 0.3246 0.3571 1.1632
v 0.1351 0.3571 1.1926
v -0.0500 0.3571 1.2015
v -0.2271 0.3571 1.1899
v -0.3937 0.3571 1.1580
v -0.5484 0.3571 1.1065
v -0.6910 0.3571 1.0365
v -0.8218 0.3571 0.9491
v -0.9412 0.3571 0.8458
v -1.0497 0.3571 0.7283
v -1.1468 0.3571 0.5984
v -1.2315 0.3571 0.4583
v -1.3018 0.3571 0.3103
v -1.3549 0.3571 0.1566
v -1.3876 0.3571 0.0000
v -1.3965 0.3571 -0.1570
v -1.3788 0.3571 -0.3117
v -1.3324 0.3571 -0.4613
v -1.2566 0.3571 -0.6031
v -1.1520 0.3571 -0.7346
v -1.0211 0.3571 -0.8534
v -0.8677 0.3571 -0.9574
v -0.6966 0.3571 -1.0446
v -0.5136 0.3571 -1.1136
v -0.3246 0.3571 -1.1632
v -0.1351 0.3571 -1.1926
v 0.0500 0.3571 -1.2015
v 0.2271 0.3571 -1.1899
v 0.3937 0.3571 -1.1580
v 0.5484 0.3571 -1.1065
v 0.6910 0.3571 -1.0365
v 0.8218 0.3571 -0.9491
v 0.9412 0.3571 -0.8458
v 1.0497 0.3571 -0.7283
v 1.1468 0.3571 -0.5984
v 1.2315 0.3571 -0.4583
v 1.3018 0.3571 -0.3103
v 1.3549 0.3571 -0.1566
v 1.4536 0.4464 0.0000
v 1.4627 0.4464 0.1651
v 1.4438 0.4464 0.3278
v 1.3951 0.4464 0.4853
v 1.3157 0.4464 0.6347
v 1.2064 0.4464 0.7733
v 1.0696 0.4464 0.8984
v 0.9094 0.4464 1.0077
v 0.7307 0.4464 1.0994
v 0.5396 0.4464 1.1717
v 0.3420 0.4464 1.2235
v 0.1438 0.4464 1.2541
v -0.0500 0.4464 1.2629
v -0.2356 0.4464 1.2502
v -0.4104 0.4464 1.2162
v -0.5730 0.4464 1.1619
v -0.7229 0.4464 1.0881
v -0.8605 0.4464 0.9962
v -0.9861 0.4464 0.8877
v -1.1001 0.4464 0.7644
v -1.2021 0.4464 0.6282
v -1.2909 0.4464 0.4813
v -1.3644 0.4464 0.3259
v -1.4197 0.4464 0.1646
v -1.4536 0.4464 0.0000
v -1.4627 0.4464 -0.1651
v -1.4438 0.4464 -0.3278
v -1.3951 0.4464 -0.4853
v -1.3157 0.4464 -0.6347
v -1.2064 0.4464 -0.7733
v -1.0696 0.4464 -0.8984
v -0.9094 0.4464 -1.0077
v -0.7307 0.4464 -1.0994
v -0.5396 0.4464 -1.1717
v -0.3420 0.4464 -1.2235
v -0.1438 0.4464 -1.2541
v 0.0500 0.4464 -1.2629
v 0.2356 0.4464 -1.2502
v 0.4104 0.4464 -1.2162
v 0.5730 0.4464 -1.1619
v 0.7229 0.4464 -1.0881
v 0.8605 0.4464 -0.9962
v 0.9861 0.4464 -0.8877
v 1.1001 0.4464 -0.7644
v 1.2021 0.4464 -0.6282
v 1.2909 0.4464 -0.4813
v 1.3644 0.4464 -0.3259
v 1.4197 0.4464 -0.1646
v 1.5197 0.5357 0.0000
v 1.5288 0.5357 0.1732
v 1.5090 0.5357 0.3440
v 1.4579 0.5357 0.5095
v 1.3750 0.5357 0.6664
v 1.2609 0.5357 0.8120
v 1.1183 0.5357 0.9434
v 0.9512 0.5357 1.0582
v 0.7650 0.5357 1.1543
v 0.5656 0.5357 1.2300
v 0.3595 0.5357 1.2840
v 0.1526 0.5357 1.3155
v -0.0500 0.5357 1.3243
v -0.2441 0.5357 1.3104
v -0.4271 0.5357 1.2744
v -0.5975 0.5357 1.2170
v -0.7547 0.5357 1.1394
v -0.8990 0.5357 1.0430
v -1.0308 0.5357 0.9294
v -1.1503 0.5357 0.8003
v -1.2571 0.5357 0.6579
v -1.3500 0.5357 0.5041
v -1.4268 0.5357 0.3415
v -1.4845 0.5357 0.1725
v -1.5197 0.5357 0.0000
v -1.5288 0.5357 -0.1732
v -1.5090 0.5357 -0.3440
v -1.4579 0.5357 -0.5095
v -1.3750 0.5357 -0.6664
v -1.2609 0.5357 -0.8120
v -1.1183 0.5357 -0.9434
v -0.9512 0.5357 -1.0582
v -0.7650 0.5357 -1.1543
v -0.5656 0.5357 -1.2300
v -0.3595 0.5357 -1.2840
v -0.1526 0.5357 -1.3155
v 0.0500 0.5357 -1.3243
v 0.2441 0.5357 -1.3104
v 0.4271 0.5357 -1.2744
v 0.5975 0.5357 -1.2170
v 0.7547 0.5357 -1.1394
v 0.8990 0.5357 -1.0430
v 1.0308 0.5357 -0.9294
v 1.1503 0.5357 -0.8003
v 1.2571 0.5357 -0.6579
v 1.3500 0.5357 -0.5041
v 1.4268 0.5357 -0.3415
v 1.4845 0.5357 -0.1725
v 1.5853 0.6250 0.0000
v 1.5947 0.6250 0.1812
v 1.5738 0.6250 0.3601
v 1.5206 0.6250 0.5335
v 1.4341 0.6250 0.6980
v 1.3154 0.6250 0.8506
v 1.1669 0.6250 0.9884
v 0.9930 0.6250 1.1086
v 0.7991 0.6250 1.2090
v 0.5916 0.6250 1.2880
v 0.3769 0.6250 1.3441
v 0.1612 0.6250 1.3766
v -0.0500 0.6250 1.3853
v -0.2526 0.6250 1.3702
v -0.4437 0.6250 1.3320
v -0.6217 0.6250 1.2716
v -0.7861 0.6250 1.1903
v -0.9371 0.6250 1.0894
v -1.0750 0.6250 0.9707
v -1.2000 0.6250 0.8359
v -1.3116 0.6250 0.6872
v -1.4086 0.6250 0.5267
v -1.4886 0.6250 0.3569
v -1.5487 0.6250 0.1804
v -1.5853 0.6250 0.0000
v -1.5947 0.6250 -0.1812
v -1.5738 0.6250 -0.3601
v -1.5206 0.6250 -0.5335
v -1.4341 0.6250 -0.6980
v -1.3154 0.6250 -0.8506
v -1.1669 0.6250 -0.9884
v -0.9930 0.6250 -1.1086
v -0.7991 0.6250 -1.2090
v -0.5916 0.6250 -1.2880
v -0.3769 0.6250 -1.3441
v -0.1612 0.6250 -1.3766
v 0.0500 0.6250 -1.3853
v 0.2526 0.6250 -1.3702
v 0.4437 0.6250 -1.3320
v 0.6217 0.6250 -1.2716
v 0.7861 0.6250 -1.1903
v 0.9371 0.6250 -1.0894
v 1.0750 0.6250 -0.9707
v 1.2000 0.6250 -0.8359
v 1.3116 0.6250 -0.6872
v 1.4086 0.6250 -0.5267
v 1.4886 0.6250 -0.3569
v 1.5487 0.6250 -0.1804
v 1.6126 0.7143 0.0000
v 1.6226 0.7143 0.1849
v 1.6019 0.7143 0.3676
v 1.5480 0.7143 0.5447
v 1.4603 0.7143 0.7129
v 1.3396 0.7143 0.8689
v 1.1886 0.7143 1.0097
v 1.0116 0.7143 1.1324
v 0.8142 0.7143 1.2348
v 0.6029 0.7143 1.3151
v 0.3844 0.7143 1.3718
v 0.1649 0.7143 1.4044
v -0.0500 0.7143 1.4126
v -0.2561 0.7143 1.3966
v -0.4504 0.7143 1.3571
v -0.6313 0.7143 1.2951
v -0.7984 0.7143 1.2119
v -0.9518 0.7143 1.1090
v -1.0920 0.7143 0.9881
v -1.2191 0.7143 0.8510
v -1.3328 0.7143 0.6997
v -1.4317 0.7143 0.5364
v -1.5134 0.7143 0.3636
v -1.5750 0.7143 0.1839
v -1.6126 0.7143 0.0000
v -1.6226 0.7143 -0.1849
v -1.6019 0.7143 -0.3676
v -1.5480 0.7143 -0.5447
v -1.4603 0.7143 -0.7129
v -1.3396 0.7143 -0.8689
v -1.1886 0.7143 -1.0097
v -1.0116 0.7143 -1.1324
v -0.8142 0.7143 -1.2348
v -0.6029 0.7143 -1.3151
v -0.3844 0.7143 -1.3718
v -0.1649 0.7143 -1.4044
v 0.0500 0.7143 -1.4126
v 0.2561 0.7143 -1.3966
v 0.4504 0.7143 -1.3571
v 0.6313 0.7143 -1.2951
v 0.7984 0.7143 -1.2119
v 0.9518 0.7143 -1.1090
v 1.0920 0.7143 -0.9881
v 1.2191 0.7143 -0.8510
v 1.3328 0.7143 -0.6997
v 1.4317 0.7143 -0.5364
v 1.5134 0.7143 -0.3636
v 1.5750 0.7143 -0.1839
v 1.6376 0.8036 0.0000
v 1.6483 0.8036 0.1883
v 1.6277 0.8036 0.3744
v 1.5734 0.8036 0.5551
v 1.4846 0.8036 0.7267
v 1.3621 0.8036 0.8858
v 1.2088 0.8036 1.0294
v 1.0289 0.8036 1.1545
v 0.8283 0.8036 1.2586
v 0.6135 0.8036 1.3400
v 0.3913 0.8036 1.3974
v 0.1683 0.8036 1.4299
v -0.0500 0.8036 1.4376
v -0.2592 0.8036 1.4206
v -0.4564 0.8036 1.3798
v -0.6399 0.8036 1.3162
v -0.8093 0.8036 1.2313
v -0.9649 0.8036 1.1265
v -1.1071 0.8036 1.0036
v -1.2362 0.8036 0.8644
v -1.3518 0.8036 0.7109
v -1.4524 0.8036 0.5452
v -1.5358 0.8036 0.3697
v -1.5988 0.8036 0.1870
v -1.6376 0.8036 0.0000
v -1.6483 0.8036 -0.1883
v -1.6277 0.8036 -0.3744
v -1.5734 0.8036 -0.5551
v -1.4846 0.8036 -0.7267
v -1.3621 0.8036 -0.8858
v -1.2088 0.8036 -1.0294
v -1.0289 0.8036 -1.1545
v -0.8283 0.8036 -1.2586
v -0.6135 0.8036 -1.3400
v -0.3913 0.8036 -1.3974
v -0.1683 0.8036 -1.4299
v 0.0500 0.8036 -1.4376
v 0.2592 0.8036 -1.4206
v 0.4564 0.8036 -1.3798
v 0.6399 0.8036 -1.3162
v 0.8093 0.8036 -1.2313
v 0.9649 0.8036 -1.1265
v 1.1071 0.8036 -1.0036
v 1.2362 0.8036 -0.8644
v 1.3518 0.8036 -0.7109
v 1.4524 0.8036 -0.5452
v 1.5358 0.8036 -0.3697
v 1.5988 0.8036 -0.1870
v 1.6599 0.8929 0.0000
v 1.6714 0.8929 0.1913
v 1.6511 0.8929 0.3806
v 1.5965 0.8929 0.5645
v 1.5067 0.8929 0.7392
v 1.3827 0.8929 0.9013
v 1.2272 0.8929 1.0474
v 1.0447 0.8929 1.1746
v 0.8410 0.8929 1.2803
v 0.6230 0.8929 1.3627
v 0.3976 0.8929 1.4205
v 0.1713 0.8929 1.4529
v -0.0500 0.8929 1.4599
v -0.2620 0.8929 1.4419
v -0.4617 0.8929 1.3999
v -0.6474 0.8929 1.3348
v -0.8189 0.8929 1.2483
v -0.9763 0.8929 1.1419
v -1.1203 0.8929 1.0172
v -1.2511 0.8929 0.8762
v -1.3683 0.8929 0.7207
v -1.4706 0.8929 0.5529
v -1.5556 0.8929 0.3751
v -1.6200 0.8929 0.1898
v -1.6599 0.8929 0.0000
v -1.6714 0.8929 -0.1913
v -1.6511 0.8929 -0.3806
v -1.5965 0.8929 -0.5645
v -1.5067 0.8929 -0.7392
v -1.3827 0.8929 -0.9013
v -1.2272 0.8929 -1.0474
v -1.0447 0.8929 -1.1746
v -0.8410 0.8929 -1.2803
v -0.6230 0.8929 -1.3627
v -0.3976 0.8929 -1.4205
v -0.1713 0.8929 -1.4529
v 0.0500 0.8929 -1.4599
v 0.2620 0.8929 -1.4419
v 0.4617 0.8929 -1.3999
v 0.6474 0.8929 -1.3348
v 0.8189 0.8929 -1.2483
v 0.9763 0.8929 -1.1419
v 1.1203 0.8929 -1.0172
v 1.2511 0.8929 -0.8762
v 1.3683 0.8929 -0.7207
v 1.4706 0.8929 -0.5529
v 1.5556 0.8929 -0.3751
v 1.6200 0.8929 -0.1898
v 1.6794 0.9821 0.0000
v 1.6918 0.9821 0.1939
v 1.6718 0.9821 0.3861
v 1.6171 0.9821 0.5728
v 1.5266 0.9821 0.7504
v 1.4012 0.9821 0.9151
v 1.2438 0.9821 1.0635
v 1.0589 0.9821 1.1926
v 0.8525 0.9821 1.2997
v 0.6316 0.9821 1.3829
v 0.4031 0.9821 1.4409
v 0.1740 0.9821 1.4731
v -0.0500 0.9821 1.4794
v -0.2644 0.9821 1.4605
v -0.4662 0.9821 1.4171
v -0.6538 0.9821 1.3507
v -0.8269 0.9821 1.2628
v -0.9859 0.9821 1.1549
v -1.1313 0.9821 1.0287
v -1.2636 0.9821 0.8861
v -1.3823 0.9821 0.7291
v -1.4861 0.9821 0.5595
v -1.5726 0.9821 0.3797
v -1.6384 0.9821 0.1923
v -1.6794 0.9821 0.0000
v -1.6918 0.9821 -0.1939
v -1.6718 0.9821 -0.3861
v -1.6171 0.9821 -0.5728
v -1.5266 0.9821 -0.7504
v -1.4012 0.9821 -0.9151
v -1.2438 0.9821 -1.0635
v -1.0589 0.9821 -1.1926
v -0.8525 0.9821 -1.2997
v -0.6316 0.9821 -1.3829
v -0.4031 0.9821 -1.4409
v -0.1740 0.9821 -1.4731
v 0.0500 0.9821 -1.4794
v 0.2644 0.9821 -1.4605
v 0.4662 0.9821 -1.4171
v 0.6538 0.9821 -1.3507
v 0.8269 0.9821 -1.2628
v 0.9859 0.9821 -1.1549
v 1.1313 0.9821 -1.0287
v 1.2636 0.9821 -0.8861
v 1.3823 0.9821 -0.7291
v 1.4861 0.9821 -0.5595
v 1.5726 0.9821 -0.3797
v 1.6384 0.9821 -0.1923
v 1.6960 1.0714 0.0000
v 1.7092 1.0714 0.1962
v 1.6898 1.0714 0.3908
v 1.6351 1.0714 0.5801
v 1.5440 1.0714 0.7601
v 1.4175 1.0714 0.9272
v 1.2584 1.0714 1.0777
v 1.0714 1.0714 1.2083
v 0.8626 1.0714 1.3166
v 0.6390 1.0714 1.4004
v 0.4080 1.0714 1.4586
v 0.1763 1.0714 1.4904
v -0.0500 1.0714 1.4960
v -0.2664 1.0714 1.4760
v -0.4700 1.0714 1.4315
v -0.6590 1.0714 1.3638
v -0.8334 1.0714 1.2745
v -0.9935 1.0714 1.1653
v -1.1401 1.0714 1.0380
v -1.2735 1.0714 0.8942
v -1.3935 1.0714 0.7358
v -1.4987 1.0714 0.5649
v -1.5866 1.0714 0.3836
v -1.6537 1.0714 0.1943
v -1.6960 1.0714 0.0000
v -1.7092 1.0714 -0.1962
v -1.6898 1.0714 -0.3908
v -1.6351 1.0714 -0.5801
v -1.5440 1.0714 -0.7601
v -1.4175 1.0714 -0.9272
v -1.2584 1.0714 -1.0777
v -1.0714 1.0714 -1.2083
v -0.8626 1.0714 -1.3166
v -0.6390 1.0714 -1.4004
v -0.4080 1.0714 -1.4586
v -0.1763 1.0714 -1.4904
v 0.0500 1.0714 -1.4960
v 0.2664 1.0714 -1.4760
v 0.4700 1.0714 -1.4315
v 0.6590 1.0714 -1.3638
v 0.8334 1.0714 -1.2745
v 0.9935 1.0714 -1.1653
v 1.1401 1.0714 -1.0380
v 1.2735 1.0714 -0.8942
v 1.3935 1.0714 -0.7358
v 1.4987 1.0714 -0.5649
v 1.5866 1.0714 -0.3836
v 1.6537 1.0714 -0.1943
v 1.7094 1.1607 0.0000
v 1.7236 1.1607 0.1981
v 1.7048 1.1607 0.3947
v 1.6503 1.1607 0.5862
v 1.5588 1.1607 0.7684
v 1.4314 1.1607 0.9375
v 1.2709 1.1607 1.0897
v 1.0821 1.1607 1.2217
v 0.8711 1.1607 1.3309
v 0.6453 1.1607 1.4151
v 0.4120 1.1607 1.4732
v 0.1782 1.1607 1.5046
v -0.0500 1.1607 1.5094
v -0.2680 1.1607 1.4883
v -0.4729 1.1607 1.4427
v -0.6630 1.1607 1.3738
v -0.8382 1.1607 1.2834
v -0.9991 1.1607 1.1732
v -1.1465 1.1607 1.0449
v -1.2809 1.1607 0.9002
v -1.4019 1.1607 0.7410
v -1.5083 1.1607 0.5691
v -1.5974 1.1607 0.3866
v -1.6659 1.1607 0.1959
v -1.7094 1.1607 0.0000
v -1.7236 1.1607 -0.1981
v -1.7048 1.1607 -0.3947
v -1.6503 1.1607 -0.5862
v -1.5588 1.1607 -0.7684
v -1.4314 1.1607 -0.9375
v -1.2709 1.1607 -1.0897
v -1.0821 1.1607 -1.2217
v -0.8711 1.1607 -1.3309
v -0.6453 1.1607 -1.4151
v -0.4120 1.1607 -1.4732
v -0.1782 1.1607 -1.5046
v 0.0500 1.1607 -1.5094
v 0.2680 1.1607 -1.4883
v 0.4729 1.1607 -1.4427
v 0.6630 1.1607 -1.3738
v 0.8382 1.1607 -1.2834
v 0.9991 1.1607 -1.1732
v 1.1465 1.1607 -1.0449
v 1.2809 1.1607 -0.9002
v 1.4019 1.1607 -0.7410
v 1.5083 1.1607 -0.5691
v 1.5974 1.1607 -0.3866
v 1.6659 1.1607 -0.1959
v 1.7195 1.2500 0.0000
v 1.7348 1.2500 0.1995
v 1.7168 1.2500 0.3979
v 1.6625 1.2500 0.5911
v 1.5710 1.2500 0.7751
v 1.4429 1.2500 0.9458
v 1.2812 1.2500 1.0994
v 1.0908 1.2500 1.2326
v 0.8781 1.2500 1.3424
v 0.6504 1.2500 1.4269
v 0.4152 1.2500 1.4848
v 0.1797 1.2500 1.5156
v -0.0500 1.2500 1.5195
v -0.2692 1.2500 1.4974
v -0.4749 1.2500 1.4506
v -0.6657 1.2500 1.3807
v -0.8414 1.2500 1.2894
v -1.0027 1.2500 1.1784
v -1.1505 1.2500 1.0494
v -1.2855 1.2500 0.9042
v -1.4073 1.2500 0.7444
v -1.5147 1.2500 0.5719
v -1.6051 1.2500 0.3887
v -1.6748 1.2500 0.1971
v -1.7195 1.2500 0.0000
v -1.7348 1.2500 -0.1995
v -1.7168 1.2500 -0.3979
v -1.6625 1.2500 -0.5911
v -1.5710 1.2500 -0.7751
v -1.4429 1.2500 -0.9458
v -1.2812 1.2500 -1.0994
v -1.0908 1.2500 -1.2326
v -0.8781 1.2500 -1.3424
v -0.6504 1.2500 -1.4269
v -0.4152 1.2500 -1.4848
v -0.1797 1.2500 -1.5156
v 0.0500 1.2500 -1.5195
v 0.2692 1.2500 -1.4974
v 0.4749 1.2500 -1.4506
v 0.6657 1.2500 -1.3807
v 0.8414 1.2500 -1.2894
v 1.0027 1.2500 -1.1784
v 1.1505 1.2500 -1.0494
v 1.2855 1.2500 -0.9042
v 1.4073 1.2500 -0.7444
v 1.5147 1.2500 -0.5719
v 1.6051 1.2500 -0.3887
v 1.6748 1.2500 -0.1971
v 1.7263 1.3393 0.0000
v 1.7427 1.3393 0.2005
v 1.7255 1.3393 0.4001
v 1.6718 1.3393 0.5947
v 1.5803 1.3393 0.7801
v 1.4518 1.3393 0.9522
v 1.2893 1.3393 1.1070
v 1.0977 1.3393 1.2409
v 0.8835 1.3393 1.3512
v 0.6542 1.3393 1.4357
v 0.4175 1.3393 1.4932
v 0.1807 1.3393 1.5233
v -0.0500 1.3393 1.5263
v -0.2699 1.3393 1.5031
v -0.4761 1.3393 1.4553
v -0.6670 1.3393 1.3845
v -0.8428 1.3393 1.2924
v -1.0041 1.3393 1.1808
v -1.1520 1.3393 1.0515
v -1.2873 1.3393 0.9061
v -1.4097 1.3393 0.7462
v -1.5179 1.3393 0.5735
v -1.6094 1.3393 0.3900
v -1.6803 1.3393 0.1979
v -1.7263 1.3393 0.0000
v -1.7427 1.3393 -0.2005
v -1.7255 1.3393 -0.4001
v -1.6718 1.3393 -0.5947
v -1.5803 1.3393 -0.7801
v -1.4518 1.3393 -0.9522
v -1.2893 1.3393 -1.1070
v -1.0977 1.3393 -1.2409
v -0.8835 1.3393 -1.3512
v -0.6542 1.3393 -1.4357
v -0.4175 1.3393 -1.4932
v -0.1807 1.3393 -1.5233
v 0.0500 1.3393 -1.5263
v 0.2699 1.3393 -1.5031
v 0.4761 1.3393 -1.4553
v 0.6670 1.3393 -1.3845
v 0.8428 1.3393 -1.2924
v 1.0041 1.3393 -1.1808
v 1.1520 1.3393 -1.0515
v 1.2873 1.3393 -0.9061
v 1.4097 1.3393 -0.7462
v 1.5179 1.3393 -0.5735
v 1.6094 1.3393 -0.3900
v 1.6803 1.3393 -0.1979
v 1.7296 1.4286 0.0000
v 1.7473 1.4286 0.2011
v 1.7311 1.4286 0.4015
v 1.6780 1.4286 0.5970
v 1.5868 1.4286 0.7835
v 1.4581 1.4286 0.9566
v 1.2950 1.4286 1.1121
v 1.1025 1.4286 1.2466
v 0.8873 1.4286 1.3571
v 0.6568 1.4286 1.4414
v 0.4190 1.4286 1.4984
v 0.1813 1.4286 1.5276
v -0.0500 1.4286 1.5296
v -0.2702 1.4286 1.5054
v -0.4763 1.4286 1.4566
v -0.6670 1.4286 1.3850
v -0.8424 1.4286 1.2923
v -1.0033 1.4286 1.1804
v -1.1510 1.4286 1.0511
v -1.2863 1.4286 0.9058
v -1.4090 1.4286 0.7461
v -1.5179 1.4286 0.5737
v -1.6103 1.4286 0.3903
v -1.6824 1.4286 0.1982
v -1.7296 1.4286 0.0000
v -1.7473 1.4286 -0.2011
v -1.7311 1.4286 -0.4015
v -1.6780 1.4286 -0.5970
v -1.5868 1.4286 -0.7835
v -1.4581 1.4286 -0.9566
v -1.2950 1.4286 -1.1121
v -1.1025 1.4286 -1.2466
v -0.8873 1.4286 -1.3571
v -0.6568 1.4286 -1.4414
v -0.4190 1.4286 -1.4984
v -0.1813 1.4286 -1.5276
v 0.0500 1.4286 -1.5296
v 0.2702 1.4286 -1.5054
v 0.4763 1.4286 -1.4566
v 0.6670 1.4286 -1.3850
v 0.8424 1.4286 -1.2923
v 1.0033 1.4286 -1.1804
v 1.1510 1.4286 -1.0511
v 1.2863 1.4286 -0.9058
v 1.4090 1.4286 -0.7461
v 1.5179 1.4286 -0.5737
v 1.6103 1.4286 -0.3903
v 1.6824 1.4286 -0.1982
v 1.7295 1.5179 0.0000
v 1.7484 1.5179 0.2012
v 1.7334 1.5179 0.4020
v 1.6811 1.5179 0.5981
v 1.5904 1.5179 0.7852
v 1.4618 1.5179 0.9589
v 1.2984 1.5179 1.1150
v 1.1054 1.5179 1.2497
v 0.8893 1.5179 1.3601
v 0.6581 1.5179 1.4440
v 0.4196 1.5179 1.5002
v 0.1815 1.5179 1.5286
v -0.0500 1.5179 1.5295
v -0.2700 1.5179 1.5043
v -0.4756 1.5179 1.4546
v -0.6656 1.5179 1.3822
v -0.8402 1.5179 1.2891
v -1.0003 1.5179 1.1772
v -1.1475 1.5179 1.0481
v -1.2824 1.5179 0.9033
v -1.4052 1.5179 0.7443
v -1.5146 1.5179 0.5725
v -1.6078 1.5179 0.3897
v -1.6810 1.5179 0.1980
v -1.7295 1.5179 0.0000
v -1.7484 1.5179 -0.2012
v -1.7334 1.5179 -0.4020
v -1.6811 1.5179 -0.5981
v -1.5904 1.5179 -0.7852
v -1.4618 1.5179 -0.9589
v -1.2984 1.5179 -1.1150
v -1.1054 1.5179 -1.2497
v -0.8893 1.5179 -1.3601
v -0.6581 1.5179 -1.4440
v -0.4196 1.5179 -1.5002
v -0.1815 1.5179 -1.5286
v 0.0500 1.5179 -1.5295
v 0.2700 1.5179 -1.5043
v 0.4756 1.5179 -1.4546
v 0.6656 1.5179 -1.3822
v 0.8402 1.5179 -1.2891
v 1.0003 1.5179 -1.1772
v 1.1475 1.5179 -1.0481
v 1.2824 1.5179 -0.9033
v 1.4052 1.5179 -0.7443
v 1.5146 1.5179 -0.5725
v 1.6078 1.5179 -0.3897
v 1.6810 1.5179 -0.1980
v 1.7260 1.6071 0.0000
v 1.7462 1.6071 0.2009
v 1.7324 1.6071 0.4016
v 1.6812 1.6071 0.5979
v 1.5911 1.6071 0.7853
v 1.4629 1.6071 0.9593
v 1.2995 1.6071 1.1155
v 1.1062 1.6071 1.2501
v 0.8898 1.6071 1.3602
v 0.6581 1.6071 1.4435
v 0.4194 1.6071 1.4989
v 0.1812 1.6071 1.5261
v -0.0500 1.6071 1.5260
v -0.2694 1.6071 1.4997
v -0.4741 1.6071 1.4491
v -0.6629 1.6071 1.3761
v -0.8362 1.6071 1.2829
v -0.9952 1.6071 1.1711
v -1.1414 1.6071 1.0426
v -1.2757 1.6071 0.8986
v -1.3983 1.6071 0.7407
v -1.5080 1.6071 0.5700
v -1.6019 1.6071 0.3883
v -1.6762 1.6071 0.1974
v -1.7260 1.6071 0.0000
v -1.7462 1.6071 -0.2009
v -1.7324 1.6071 -0.4016
v -1.6812 1.6071 -0.5979
v -1.5911 1.6071 -0.7853
v -1.4629 1.6071 -0.9593
v -1.2995 1.6071 -1.1155
v -1.1062 1.6071 -1.2501
v -0.8898 1.6071 -1.3602
v -0.6581 1.6071 -1.4435
v -0.4194 1.6071 -1.4989
v -0.1812 1.6071 -1.5261
v 0.0500 1.6071 -1.5260
v 0.2694 1.6071 -1.4997
v 0.4741 1.6071 -1.4491
v 0.6629 1.6071 -1.3761
v 0.8362 1.6071 -1.2829
v 0.9952 1.6071 -1.1711
v 1.1414 1.6071 -1.0426
v 1.2757 1.6071 -0.8986
v 1.3983 1.6071 -0.7407
v 1.5080 1.6071 -0.5700
v 1.6019 1.6071 -0.3883
v 1.6762 1.6071 -0.1974
v 1.7190 1.6964 0.0000
v 1.7406 1.6964 0.2002
v 1.7282 1.6964 0.4004
v 1.6782 1.6964 0.5964
v 1.5890 1.6964 0.7837
v 1.4614 1.6964 0.9576
v 1.2983 1.6964 1.1136
v 1.1050 1.6964 1.2479
v 0.8885 1.6964 1.3574
v 0.6568 1.6964 1.4399
v 0.4182 1.6964 1.4942
v 0.1804 1.6964 1.5203
v -0.0500 1.6964 1.5190
v -0.2683 1.6964 1.4917
v -0.4716 1.6964 1.4402
v -0.6588 1.6964 1.3669
v -0.8305 1.6964 1.2736
v -0.9879 1.6964 1.1623
v -1.1327 1.6964 1.0346
v -1.2662 1.6964 0.8918
v -1.3884 1.6964 0.7353
v -1.4981 1.6964 0.5662
v -1.5927 1.6964 0.3859
v -1.6679 1.6964 0.1964
v -1.7190 1.6964 0.0000
v -1.7406 1.6964 -0.2002
v -1.7282 1.6964 -0.4004
v -1.6782 1.6964 -0.5964
v -1.5890 1.6964 -0.7837
v -1.4614 1.6964 -0.9576
v -1.2983 1.6964 -1.1136
v -1.1050 1.6964 -1.2479
v -0.8885 1.6964 -1.3574
v -0.6568 1.6964 -1.4399
v -0.4182 1.6964 -1.4942
v -0.1804 1.6964 -1.5203
v 0.0500 1.6964 -1.5190
v 0.2683 1.6964 -1.4917
v 0.4716 1.6964 -1.4402
v 0.6588 1.6964 -1.3669
v 0.8305 1.6964 -1.2736
v 0.9879 1.6964 -1.1623
v 1.1327 1.6964 -1.0346
v 1.2662 1.6964 -0.8918
v 1.3884 1.6964 -0.7353
v 1.4981 1.6964 -0.5662
v 1.5927 1.6964 -0.3859
v 1.6679 1.6964 -0.1964
v 1.6883 1.7857 0.0000
v 1.7114 1.7866 0.1966
v 1.7007 1.7874 0.3935
v 1.6528 1.7881 0.5866
v 1.5658 1.7886 0.7712
v 1.4405 1.7889 0.9426
v 1.2798 1.7890 1.0963
v 1.0890 1.7889 1.2284
v 0.8752 1.7886 1.3357
v 0.6463 1.7881 1.4162
v 0.4109 1.7874 1.4687
v 0.1766 1.7866 1.4933
v -0.0500 1.7857 1.4907
v -0.2641 1.7865 1.4627
v -0.4631 1.7873 1.4111
v -0.6459 1.7880 1.3383
v -0.8132 1.7885 1.2463
v -0.9666 1.7888 1.1370
v -1.1079 1.7889 1.0119
v -1.2384 1.7888 0.8724
v -1.3585 1.7885 0.7195
v -1.4669 1.7880 0.5543
v -1.5609 1.7873 0.3781
v -1.6364 1.7865 0.1926
v -1.6883 1.7857 0.0000
v -1.7114 1.7865 -0.1966
v -1.7007 1.7872 -0.3935
v -1.6528 1.7878 -0.5866
v -1.5658 1.7883 -0.7712
v -1.4405 1.7886 -0.9426
v -1.2798 1.7887 -1.0963
v -1.0890 1.7886 -1.2284
v -0.8752 1.7883 -1.3357
v -0.6463 1.7878 -1.4162
v -0.4109 1.7872 -1.4687
v -0.1766 1.7865 -1.4933
v 0.0500 1.7857 -1.4907
v 0.2641 1.7866 -1.4627
v 0.4631 1.7873 -1.4111
v 0.6459 1.7880 -1.3383
v 0.8132 1.7885 -1.2463
v 0.9666 1.7889 -1.1370
v 1.1079 1.7890 -1.0119
v 1.2384 1.7889 -0.8724
v 1.3585 1.7885 -0.7195
v 1.4669 1.7880 -0.5543
v 1.5609 1.7873 -0.3781
v 1.6364 1.7866 -0.1926
v 1.6245 1.8750 0.0000
v 1.6489 1.8832 0.1891
v 1.6405 1.8909 0.3789
v 1.5958 1.8975 0.5652
v 1.5128 1.9025 0.7434
v 1.3922 1.9057 0.9088
v 1.2368 1.9068 1.0572
v 1.0520 1.9057 1.1844
v 0.8446 1.9025 1.2875
v 0.6227 1.8975 1.3644
v 0.3948 1.8909 1.4140
v 0.1684 1.8832 1.4365
v -0.0500 1.8750 1.4328
v -0.2557 1.8828 1.4046
v -0.4461 1.8901 1.3539
v -0.6206 1.8964 1.2831
v -0.7799 1.9012 1.1942
v -0.9259 1.9042 1.0890
v -1.0605 1.9052 0.9691
v -1.1853 1.9042 0.8356
v -1.3008 1.9012 0.6894
v -1.4058 1.8964 0.5315
v -1.4977 1.8901 0.3628
v -1.5723 1.8828 0.1849
v -1.6245 1.8750 0.0000
v -1.6489 1.8824 -0.1891
v -1.6405 1.8893 -0.3789
v -1.5958 1.8952 -0.5652
v -1.5128 1.8998 -0.7434
v -1.3922 1.9026 -0.9088
v -1.2368 1.9036 -1.0572
v -1.0520 1.9026 -1.1844
v -0.8446 1.8998 -1.2875
v -0.6227 1.8952 -1.3644
v -0.3948 1.8893 -1.4140
v -0.1684 1.8824 -1.4365
v 0.0500 1.8750 -1.4328
v 0.2557 1.8831 -1.4046
v 0.4461 1.8906 -1.3539
v 0.6206 1.8970 -1.2831
v 0.7799 1.9020 -1.1942
v 0.9259 1.9051 -1.0890
v 1.0605 1.9062 -0.9691
v 1.1853 1.9051 -0.8356
v 1.3008 1.9020 -0.6894
v 1.4058 1.8970 -0.5315
v 1.4977 1.8906 -0.3628
v 1.5723 1.8831 -0.1849
v 1.5585 1.9643 0.0000
v 1.5842 1.9860 0.1814
v 1.5782 2.0062 0.3637
v 1.5368 2.0236 0.5428
v 1.4579 2.0369 0.7144
v 1.3421 2.0453 0.8737
v 1.1923 2.0482 1.0164
v 1.0135 2.0453 1.1387
v 0.8129 2.0369 1.2374
v 0.5983 2.0236 1.3105
v 0.3781 2.0062 1.3572
v 0.1599 1.9860 1.3776
v -0.0500 1.9643 1.3728
v -0.2470 1.9849 1.3444
v -0.4287 2.0041 1.2948
v -0.5945 2.0206 1.2260
v -0.7456 2.0333 1.1404
v -0.8840 2.0413 1.0395
v -1.0118 2.0440 0.9250
v -1.1308 2.0413 0.7977
v -1.2415 2.0333 0.6584
v -1.3430 2.0206 0.5078
v -1.4326 2.0041 0.3469
v -1.5061 1.9849 0.1770
v -1.5585 1.9643 0.0000
v -1.5842 1.9838 -0.1814
v -1.5782 2.0020 -0.3637
v -1.5368 2.0177 -0.5428
v -1.4579 2.0297 -0.7144
v -1.3421 2.0372 -0.8737
v -1.1923 2.0398 -1.0164
v -1.0135 2.0372 -1.1387
v -0.8129 2.0297 -1.2374
v -0.5983 2.0177 -1.3105
v -0.3781 2.0020 -1.3572
v -0.1599 1.9838 -1.3776
v 0.0500 1.9643 -1.3728
v 0.2470 1.9856 -1.3444
v 0.4287 2.0054 -1.2948
v 0.5945 2.0224 -1.2260
v 0.7456 2.0355 -1.1404
v 0.8840 2.0437 -1.0395
v 1.0118 2.0465 -0.9250
v 1.1308 2.0437 -0.7977
v 1.2415 2.0355 -0.6584
v 1.3430 2.0224 -0.5078
v 1.4326 2.0054 -0.3469
v 1.5061 1.9856 -0.1770
v 1.4908 2.0536 0.0000
v 1.5178 2.0942 0.1734
v 1.5142 2.1321 0.3480
v 1.4760 2.1646 0.5198
v 1.4013 2.1896 0.6845
v 1.2905 2.2053 0.8375
v 1.1463 2.2106 0.9744
v 0.9739 2.2053 1.0914
v 0.7802 2.1896 1.1856
v 0.5731 2.1646 1.2550
v 0.3609 2.1321 1.2987
v 0.1511 2.0942 1.3170
v -0.0500 2.0536 1.3111
v -0.2381 2.0922 1.2827
v -0.4108 2.1282 1.2341
v -0.5679 2.1591 1.1676
v -0.7106 2.1828 1.0852
v -0.8412 2.1977 0.9889
v -0.9620 2.2028 0.8798
v -1.0750 2.1977 0.7588
v -1.1809 2.1828 0.6266
v -1.2787 2.1591 0.4836
v -1.3659 2.1282 0.3307
v -1.4383 2.0922 0.1689
v -1.4908 2.0536 0.0000
v -1.5178 2.0902 -0.1734
v -1.5142 2.1242 -0.3480
v -1.4760 2.1535 -0.5198
v -1.4013 2.1760 -0.6845
v -1.2905 2.1901 -0.8375
v -1.1463 2.1949 -0.9744
v -0.9739 2.1901 -1.0914
v -0.7802 2.1760 -1.1856
v -0.5731 2.1535 -1.2550
v -0.3609 2.1242 -1.2987
v -0.1511 2.0902 -1.3170
v 0.0500 2.0536 -1.3111
v 0.2381 2.0934 -1.2827
v 0.4108 2.1305 -1.2341
v 0.5679 2.1624 -1.1676
v 0.7106 2.1869 -1.0852
v 0.8412 2.2022 -0.9889
v 0.9620 2.2075 -0.8798
v 1.0750 2.2022 -0.7588
v 1.1809 2.1869 -0.6266
v 1.2787 2.1624 -0.4836
v 1.3659 2.1305 -0.3307
v 1.4383 2.0934 -0.1689
v 1.4219 2.1429 0.0000
v 1.4501 2.2075 0.1652
v 1.4488 2.2678 0.3320
v 1.4139 2.3195 0.4963
v 1.3435 2.3592 0.6539
v 1.2377 2.3842 0.8003
v 1.0993 2.3927 0.9313
v 0.9334 2.3842 1.0430
v 0.7468 2.3592 1.1326
v 0.5474 2.3195 1.1981
v 0.3434 2.2678 1.2389
v 0.1422 2.2075 1.2551
v -0.0500 2.1429 1.2481
v -0.2290 2.2043 1.2197
v -0.3927 2.2615 1.1723
v -0.5409 2.3107 1.1080
v -0.6751 2.3484 1.0292
v -0.7978 2.3721 0.9373
v -0.9116 2.3802 0.8338
v -1.0185 2.3721 0.7192
v -1.1193 2.3484 0.5942
v -1.2134 2.3107 0.4590
v -1.2981 2.2615 0.3141
v -1.3694 2.2043 0.1606
v -1.4219 2.1429 0.0000
v -1.4501 2.2010 -0.1652
v -1.4488 2.2553 -0.3320
v -1.4139 2.3018 -0.4963
v -1.3435 2.3376 -0.6539
v -1.2377 2.3600 -0.8003
v -1.0993 2.3677 -0.9313
v -0.9334 2.3600 -1.0430
v -0.7468 2.3376 -1.1326
v -0.5474 2.3018 -1.1981
v -0.3434 2.2553 -1.2389
v -0.1422 2.2010 -1.2551
v 0.0500 2.1429 -1.2481
v 0.2290 2.2062 -1.2197
v 0.3927 2.2653 -1.1723
v 0.5409 2.3160 -1.1080
v 0.6751 2.3549 -1.0292
v 0.7978 2.3793 -0.9373
v 0.9116 2.3877 -0.8338
v 1.0185 2.3793 -0.7192
v 1.1193 2.3549 -0.5942
v 1.2134 2.3160 -0.4590
v 1.2981 2.2653 -0.3141
v 1.3694 2.2062 -0.1606
v 1.3521 2.2321 0.0000
v 1.3815 2.3256 0.1570
v 1.3825 2.4127 0.3157
v 1.3509 2.4875 0.4724
v 1.2847 2.5449 0.6228
v 1.1840 2.5810 0.7626
v 1.0515 2.5933 0.8875
v 0.8922 2.5810 0.9938
v 0.7129 2.5449 1.0787
v 0.5213 2.4875 1.1404
v 0.3256 2.4127 1.1781
v 0.1332 2.3256 1.1923
v -0.0500 2.2321 1.1843
v -0.2198 2.3209 1.1560
v -0.3743 2.4037 1.1097
v -0.5136 2.4748 1.0479
v -0.6393 2.5293 0.9725
v -0.7540 2.5636 0.8853
v -0.8607 2.5752 0.7873
v -0.9614 2.5636 0.6793
v -1.0573 2.5293 0.5615
v -1.1475 2.4748 0.4340
v -1.2297 2.4037 0.2974
v -1.2996 2.3209 0.1522
v -1.3521 2.2321 0.0000
v -1.3815 2.3163 -0.1570
v -1.3825 2.3947 -0.3157
v -1.3509 2.4620 -0.4724
v -1.2847 2.5136 -0.6228
v -1.1840 2.5461 -0.7626
v -1.0515 2.5572 -0.8875
v -0.8922 2.5461 -0.9938
v -0.7129 2.5136 -1.0787
v -0.5213 2.4620 -1.1404
v -0.3256 2.3947 -1.1781
v -0.1332 2.3163 -1.1923
v 0.0500 2.2321 -1.1843
v 0.2198 2.3237 -1.1560
v 0.3743 2.4091 -1.1097
v 0.5136 2.4824 -1.0479
v 0.6393 2.5387 -0.9725
v 0.7540 2.5740 -0.8853
v 0.8607 2.5861 -0.7873
v 0.9614 2.5740 -0.6793
v 1.0573 2.5387 -0.5615
v 1.1475 2.4824 -0.4340
v 1.2297 2.4091 -0.2974
v 1.2996 2.3237 -0.1522
v 1.2819 2.3214 0.0000
v 1.3124 2.4483 0.1486
v 1.3156 2.5666 0.2993
v 1.2873 2.6682 0.4482
v 1.2254 2.7461 0.5914
v 1.1298 2.7951 0.7244
v 1.0033 2.8118 0.8432
v 0.8506 2.7951 0.9441
v 0.6786 2.7461 1.0243
v 0.4950 2.6682 1.0821
v 0.3077 2.5666 1.1169
v 0.1241 2.4483 1.1290
v -0.0500 2.3214 1.1200
v -0.2106 2.4420 1.0919
v -0.3559 2.5543 1.0469
v -0.4862 2.6508 0.9875
v -0.6033 2.7249 0.9157
v -0.7102 2.7714 0.8331
v -0.8097 2.7873 0.7408
v -0.9042 2.7714 0.6392
v -0.9950 2.7249 0.5287
v -1.0814 2.6508 0.4090
v -1.1609 2.5543 0.2805
v -1.2295 2.4420 0.1437
v -1.2819 2.3214 0.0000
v -1.3124 2.4357 -0.1486
v -1.3156 2.5421 -0.2993
v -1.2873 2.6335 -0.4482
v -1.2254 2.7036 -0.5914
v -1.1298 2.7477 -0.7244
v -1.0033 2.7627 -0.8432
v -0.8506 2.7477 -0.9441
v -0.6786 2.7036 -1.0243
v -0.4950 2.6335 -1.0821
v -0.3077 2.5421 -1.1169
v -0.1241 2.4357 -1.1290
v 0.0500 2.3214 -1.1200
v 0.2106 2.4458 -1.0919
v 0.3559 2.5617 -1.0469
v 0.4862 2.6612 -0.9875
v 0.6033 2.7376 -0.9157
v 0.7102 2.7856 -0.8331
v 0.8097 2.8020 -0.7408
v 0.9042 2.7856 -0.6392
v 0.9950 2.7376 -0.5287
v 1.0814 2.6612 -0.4090
v 1.1609 2.5617 -0.2805
v 1.2295 2.4458 -0.1437
v 1.2117 2.4107 0.0000
v 1.2432 2.5755 0.1403
v 1.2486 2.7291 0.2828
v 1.2236 2.8610 0.4240
v 1.1658 2.9622 0.5599
v 1.0754 3.0258 0.6861
v 0.9548 3.0475 0.7988
v 0.8089 3.0258 0.8942
v 0.6442 2.9622 0.9697
v 0.4686 2.8610 1.0236
v 0.2897 2.7291 1.0555
v 0.1150 2.5755 1.0657
v -0.0500 2.4107 1.0558
v -0.2014 2.5673 1.0278
v -0.3375 2.7132 0.9841
v -0.4589 2.8385 0.9272
v -0.5675 2.9346 0.8590
v -0.6664 2.9951 0.7810
v -0.7588 3.0157 0.6943
v -0.8472 2.9951 0.5993
v -0.9329 2.9346 0.4959
v -1.0154 2.8385 0.3840
v -1.0923 2.7132 0.2637
v -1.1595 2.5673 0.1353
v -1.2117 2.4107 0.0000
v -1.2432 2.5590 -0.1403
v -1.2486 2.6973 -0.2828
v -1.2236 2.8160 -0.4240
v -1.1658 2.9071 -0.5599
v -1.0754 2.9643 -0.6861
v -0.9548 2.9838 -0.7988
v -0.8089 2.9643 -0.8942
v -0.6442 2.9071 -0.9697
v -0.4686 2.8160 -1.0236
v -0.2897 2.6973 -1.0555
v -0.1150 2.5590 -1.0657
v 0.0500 2.4107 -1.0558
v 0.2014 2.5722 -1.0278
v 0.3375 2.7227 -0.9841
v 0.4589 2.8520 -0.9272
v 0.5675 2.9512 -0.8590
v 0.6664 3.0135 -0.7810
v 0.7588 3.0348 -0.6943
v 0.8472 3.0135 -0.5993
v 0.9329 2.9512 -0.4959
v 1.0154 2.8520 -0.3840
v 1.0923 2.7227 -0.2637
v 1.1595 2.5722 -0.1353
v 1.1419 2.5000 0.0000
v 1.1743 2.7071 0.1320
v 1.1818 2.9000 0.2664
v 1.1600 3.0657 0.3999
v 1.1064 3.1928 0.5284
v 1.0211 3.2727 0.6479
v 0.9064 3.3000 0.7544
v 0.7672 3.2727 0.8444
v 0.6099 3.1928 0.9152
v 0.4422 3.0657 0.9654
v 0.2718 2.9000 0.9943
v 0.1059 2.7071 1.0026
v -0.0500 2.5000 0.9919
v -0.1922 2.6967 0.9642
v -0.3193 2.8800 0.9219
v -0.4318 3.0374 0.8674
v -0.5320 3.1582 0.8027
v -0.6231 3.2341 0.7294
v -0.7084 3.2600 0.6483
v -0.7908 3.2341 0.5597
v -0.8714 3.1582 0.4635
v -0.9500 3.0374 0.3593
v -1.0242 2.8800 0.2470
v -1.0899 2.6967 0.1269
v -1.1419 2.5000 0.0000
v -1.1743 2.6863 -0.1320
v -1.1818 2.8600 -0.2664
v -1.1600 3.0091 -0.3999
v -1.1064 3.1235 -0.5284
v -1.0211 3.1955 -0.6479
v -0.9064 3.2200 -0.7544
v -0.7672 3.1955 -0.8444
v -0.6099 3.1235 -0.9152
v -0.4422 3.0091 -0.9654
v -0.2718 2.8600 -0.9943
v -0.1059 2.6863 -1.0026
v 0.0500 2.5000 -0.9919
v 0.1922 2.7029 -0.9642
v 0.3193 2.8920 -0.9219
v 0.4318 3.0544 -0.8674
v 0.5320 3.1790 -0.8027
v 0.6231 3.2573 -0.7294
v 0.7084 3.2840 -0.6483
v 0.7908 3.2573 -0.5597
v 0.8714 3.1790 -0.4635
v 0.9500 3.0544 -0.3593
v 1.0242 2.8920 -0.2470
v 1.0899 2.7029 -0.1269
v 0.0000 2.3800 0.0000
v 1.2500 0.0000 0.0000
v 1.2393 0.0000 0.1371
v 1.2074 0.0000 0.2718
v 1.1548 0.0000 0.4018
v 1.0825 0.0000 0.5250
v 0.9917 0.0000 0.6392
v 0.8839 0.0000 0.7425
v 0.7610 0.0000 0.8330
v 0.6250 0.0000 0.9093
v 0.4784 0.0000 0.9701
v 0.3235 0.0000 1.0142
v 0.1632 0.0000 1.0410
v 0.0000 0.0000 1.0500
v -0.1632 0.0000 1.0410
v -0.3235 0.0000 1.0142
v -0.4784 0.0000 0.9701
v -0.6250 0.0000 0.9093
v -0.7610 0.0000 0.8330
v -0.8839 0.0000 0.7425
v -0.9917 0.0000 0.6392
v -1.0825 0.0000 0.5250
v -1.1548 0.0000 0.4018
v -1.2074 0.0000 0.2718
v -1.2393 0.0000 0.1371
v -1.2500 0.0000 0.0000
v -1.2393 0.0000 -0.1371
v -1.2074 0.0000 -0.2718
v -1.1548 0.0000 -0.4018
v -1.0825 0.0000 -0.5250
v -0.9917 0.0000 -0.6392
v -0.8839 0.0000 -0.7425
v -0.7610 0.0000 -0.8330
v -0.6250 0.0000 -0.9093
v -0.4784 0.0000 -0.9701
v -0.3235 0.0000 -1.0142
v -0.1632 0.0000 -1.0410
v -0.0000 0.0000 -1.0500
v 0.1632 0.0000 -1.0410
v 0.3235 0.0000 -1.0142
v 0.4784 0.0000 -0.9701
v 0.6250 0.0000 -0.9093
v 0.7610 0.0000 -0.8330
v 0.8839 0.0000 -0.7425
v 0.9917 0.0000 -0.6392
v 1.0825 0.0000 -0.5250
v 1.1548 0.0000 -0.4018
v 1.2074 0.0000 -0.2718
v 1.2393 0.0000 -0.1371
v 1.2312 -0.1000 0.0000
v 1.2178 -0.1000 0.1351
v 1.1839 -0.1000 0.2679
v 1.1302 -0.1000 0.3961
v 1.0579 -0.1000 0.5175
v 0.9682 -0.1000 0.6301
v 0.8627 -0.1000 0.7319
v 0.7429 -0.1000 0.8211
v 0.6108 -0.1000 0.8963
v 0.4681 -0.1000 0.9562
v 0.3172 -0.1000 0.9997
v 0.1603 -0.1000 1.0261
v 0.0000 -0.1000 1.0350
v -0.1611 -0.1000 1.0261
v -0.3201 -0.1000 0.9997
v -0.4742 -0.1000 0.9562
v -0.6205 -0.1000 0.8963
v -0.7562 -0.1000 0.8211
v -0.8786 -0.1000 0.7319
v -0.9854 -0.1000 0.6301
v -1.0747 -0.1000 0.5175
v -1.1449 -0.1000 0.3961
v -1.1947 -0.1000 0.2679
v -1.2236 -0.1000 0.1351
v -1.2312 -0.1000 0.0000
v -1.2178 -0.1000 -0.1351
v -1.1839 -0.1000 -0.2679
v -1.1302 -0.1000 -0.3961
v -1.0579 -0.1000 -0.5175
v -0.9682 -0.1000 -0.6301
v -0.8627 -0.1000 -0.7319
v -0.7429 -0.1000 -0.8211
v -0.6108 -0.1000 -0.8963
v -0.4681 -0.1000 -0.9562
v -0.3172 -0.1000 -0.9997
v -0.1603 -0.1000 -1.0261
v -0.0000 -0.1000 -1.0350
v 0.1611 -0.1000 -1.0261
v 0.3201 -0.1000 -0.9997
v 0.4742 -0.1000 -0.9562
v 0.6205 -0.1000 -0.8963
v 0.7562 -0.1000 -0.8211
v 0.8786 -0.1000 -0.7319
v 0.9854 -0.1000 -0.6301
v 1.0747 -0.1000 -0.5175
v 1.1449 -0.1000 -0.3961
v 1.1947 -0.1000 -0.2679
v 1.2236 -0.1000 -0.1351
v 1.2125 -0.2000 0.0000
v 1.1964 -0.2000 0.1331
v 1.1603 -0.2000 0.2640
v 1.1055 -0.2000 0.3903
v 1.0332 -0.2000 0.5100
v 0.9447 -0.2000 0.6209
v 0.8415 -0.2000 0.7212
v 0.7249 -0.2000 0.8092
v 0.5965 -0.2000 0.8833
v 0.4579 -0.2000 0.9424
v 0.3109 -0.2000 0.9852
v 0.1575 -0.2000 1.0113
v 0.0000 -0.2000 1.0200
v -0.1590 -0.2000 1.0113
v -0.3167 -0.2000 0.9852
v -0.4701 -0.2000 0.9424
v -0.6160 -0.2000 0.8833
v -0.7514 -0.2000 0.8092
v -0.8733 -0.2000 0.7212
v -0.9792 -0.2000 0.6209
v -1.0669 -0.2000 0.5100
v -1.1349 -0.2000 0.3903
v -1.1821 -0.2000 0.2640
v -1.2079 -0.2000 0.1331
v -1.2125 -0.2000 0.0000
v -1.1964 -0.2000 -0.1331
v -1.1603 -0.2000 -0.2640
v -1.1055 -0.2000 -0.3903
v -1.0332 -0.2000 -0.5100
v -0.9447 -0.2000 -0.6209
v -0.8415 -0.2000 -0.7212
v -0.7249 -0.2000 -0.8092
v -0.5965 -0.2000 -0.8833
v -0.4579 -0.2000 -0.9424
v -0.3109 -0.2000 -0.9852
v -0.1575 -0.2000 -1.0113
v -0.0000 -0.2000 -1.0200
v 0.1590 -0.2000 -1.0113
v 0.3167 -0.2000 -0.9852
v 0.4701 -0.2000 -0.9424
v 0.6160 -0.2000 -0.8833
v 0.7514 -0.2000 -0.8092
v 0.8733 -0.2000 -0.7212
v 0.9792 -0.2000 -0.6209
v 1.0669 -0.2000 -0.5100
v 1.1349 -0.2000 -0.3903
v 1.1821 -0.2000 -0.2640
v 1.2079 -0.2000 -0.1331
v 1.1938 -0.3000 0.0000
v 1.1749 -0.3000 0.1312
v 1.1368 -0.3000 0.2601
v 1.0808 -0.3000 0.3846
v 1.0085 -0.3000 0.5025
v 0.9212 -0.3000 0.6118
v 0.8202 -0.3000 0.7106
v 0.7069 -0.3000 0.7973
v 0.5823 -0.3000 0.8704
v 0.4477 -0.3000 0.9285
v 0.3046 -0.3000 0.9708
v 0.1547 -0.3000 0.9964
v 0.0000 -0.3000 1.0050
v -0.1570 -0.3000 0.9964
v -0.3133 -0.3000 0.9708
v -0.4660 -0.3000 0.9285
v -0.6115 -0.3000 0.8704
v -0.7466 -0.3000 0.7973
v -0.8680 -0.3000 0.7106
v -0.9729 -0.3000 0.6118
v -1.0591 -0.3000 0.5025
v -1.1249 -0.3000 0.3846
v -1.1694 -0.3000 0.2601
v -1.1922 -0.3000 0.1312
v -1.1938 -0.3000 0.0000
v -1.1749 -0.3000 -0.1312
v -1.1368 -0.3000 -0.2601
v -1.0808 -0.3000 -0.3846
v -1.0085 -0.3000 -0.5025
v -0.9212 -0.3000 -0.6118
v -0.8202 -0.3000 -0.7106
v -0.7069 -0.3000 -0.7973
v -0.5823 -0.3000 -0.8704
v -0.4477 -0.3000 -0.9285
v -0.3046 -0.3000 -0.9708
v -0.1547 -0.3000 -0.9964
v -0.0000 -0.3000 -1.0050
v 0.1570 -0.3000 -0.9964
v 0.3133 -0.3000 -0.9708
v 0.4660 -0.3000 -0.9285
v 0.6115 -0.3000 -0.8704
v 0.7466 -0.3000 -0.7973
v 0.8680 -0.3000 -0.7106
v 0.9729 -0.3000 -0.6118
v 1.0591 -0.3000 -0.5025
v 1.1249 -0.3000 -0.3846
v 1.1694 -0.3000 -0.2601
v 1.1922 -0.3000 -0.1312
v 1.1750 -0.4000 0.0000
v 1.1534 -0.4000 0.1292
v 1.1132 -0.4000 0.2562
v 1.0562 -0.4000 0.3789
v 0.9838 -0.4000 0.4950
v 0.8977 -0.4000 0.6027
v 0.7990 -0.4000 0.7000
v 0.6888 -0.4000 0.7854
v 0.5680 -0.4000 0.8574
v 0.4375 -0.4000 0.9146
v 0.2983 -0.4000 0.9563
v 0.1518 -0.4000 0.9815
v 0.0000 -0.4000 0.9900
v -0.1549 -0.4000 0.9815
v -0.3099 -0.4000 0.9563
v -0.4618 -0.4000 0.9146
v -0.6070 -0.4000 0.8574
v -0.7418 -0.4000 0.7854
v -0.8627 -0.4000 0.7000
v -0.9667 -0.4000 0.6027
v -1.0513 -0.4000 0.4950
v -1.1150 -0.4000 0.3789
v -1.1567 -0.4000 0.2562
v -1.1765 -0.4000 0.1292
v -1.1750 -0.4000 0.0000
v -1.1534 -0.4000 -0.1292
v -1.1132 -0.4000 -0.2562
v -1.0562 -0.4000 -0.3789
v -0.9838 -0.4000 -0.4950
v -0.8977 -0.4000 -0.6027
v -0.7990 -0.4000 -0.7000
v -0.6888 -0.4000 -0.7854
v -0.5680 -0.4000 -0.8574
v -0.4375 -0.4000 -0.9146
v -0.2983 -0.4000 -0.9563
v -0.1518 -0.4000 -0.9815
v -0.0000 -0.4000 -0.9900
v 0.1549 -0.4000 -0.9815
v 0.3099 -0.4000 -0.9563
v 0.4618 -0.4000 -0.9146
v 0.6070 -0.4000 -0.8574
v 0.7418 -0.4000 -0.7854
v 0.8627 -0.4000 -0.7000
v 0.9667 -0.4000 -0.6027
v 1.0513 -0.4000 -0.4950
v 1.1150 -0.4000 -0.3789
v 1.1567 -0.4000 -0.2562
v 1.1765 -0.4000 -0.1292
v 1.1563 -0.5000 0.0000
v 1.1319 -0.5000 0.1273
v 1.0897 -0.5000 0.2523
v 1.0315 -0.5000 0.3731
v 0.9592 -0.5000 0.4875
v 0.8742 -0.5000 0.5935
v 0.7778 -0.5000 0.6894
v 0.6708 -0.5000 0.7735
v 0.5538 -0.5000 0.8444
v 0.4273 -0.5000 0.9008
v 0.2920 -0.5000 0.9418
v 0.1490 -0.5000 0.9667
v 0.0000 -0.5000 0.9750
v -0.1528 -0.5000 0.9667
v -0.3065 -0.5000 0.9418
v -0.4577 -0.5000 0.9008
v -0.6025 -0.5000 0.8444
v -0.7370 -0.5000 0.7735
v -0.8574 -0.5000 0.6894
v -0.9604 -0.5000 0.5935
v -1.0435 -0.5000 0.4875
v -1.1050 -0.5000 0.3731
v -1.1440 -0.5000 0.2523
v -1.1608 -0.5000 0.1273
v -1.1563 -0.5000 0.0000
v -1.1319 -0.5000 -0.1273
v -1.0897 -0.5000 -0.2523
v -1.0315 -0.5000 -0.3731
v -0.9592 -0.5000 -0.4875
v -0.8742 -0.5000 -0.5935
v -0.7778 -0.5000 -0.6894
v -0.6708 -0.5000 -0.7735
v -0.5538 -0.5000 -0.8444
v -0.4273 -0.5000 -0.9008
v -0.2920 -0.5000 -0.9418
v -0.1490 -0.5000 -0.9667
v -0.0000 -0.5000 -0.9750
v 0.1528 -0.5000 -0.9667
v 0.3065 -0.5000 -0.9418
v 0.4577 -0.5000 -0.9008
v 0.6025 -0.5000 -0.8444
v 0.7370 -0.5000 -0.7735
v 0.8574 -0.5000 -0.6894
v 0.9604 -0.5000 -0.5935
v 1.0435 -0.5000 -0.4875
v 1.1050 -0.5000 -0.3731
v 1.1440 -0.5000 -0.2523
v 1.1608 -0.5000 -0.1273
v 1.1375 -0.6000 0.0000
v 1.1104 -0.6000 0.1253
v 1.0661 -0.6000 0.2485
v 1.0068 -0.6000 0.3674
v 0.9345 -0.6000 0.4800
v 0.8507 -0.6000 0.5844
v 0.7566 -0.6000 0.6788
v 0.6528 -0.6000 0.7616
v 0.5395 -0.6000 0.8314
v 0.4170 -0.6000 0.8869
v 0.2857 -0.6000 0.9273
v 0.1462 -0.6000 0.9518
v 0.0000 -0.6000 0.9600
v -0.1508 -0.6000 0.9518
v -0.3031 -0.6000 0.9273
v -0.4536 -0.6000 0.8869
v -0.5980 -0.6000 0.8314
v -0.7322 -0.6000 0.7616
v -0.8521 -0.6000 0.6788
v -0.9542 -0.6000 0.5844
v -1.0357 -0.6000 0.4800
v -1.0950 -0.6000 0.3674
v -1.1313 -0.6000 0.2485
v -1.1451 -0.6000 0.1253
v -1.1375 -0.6000 0.0000
v -1.1104 -0.6000 -0.1253
v -1.0661 -0.6000 -0.2485
v -1.0068 -0.6000 -0.3674
v -0.9345 -0.6000 -0.4800
v -0.8507 -0.6000 -0.5844
v -0.7566 -0.6000 -0.6788
v -0.6528 -0.6000 -0.7616
v -0.5395 -0.6000 -0.8314
v -0.4170 -0.6000 -0.8869
v -0.2857 -0.6000 -0.9273
v -0.1462 -0.6000 -0.9518
v -0.0000 -0.6000 -0.9600
v 0.1508 -0.6000 -0.9518
v 0.3031 -0.6000 -0.9273
v 0.4536 -0.6000 -0.8869
v 0.5980 -0.6000 -0.8314
v 0.7322 -0.6000 -0.7616
v 0.8521 -0.6000 -0.6788
v 0.9542 -0.6000 -0.5844
v 1.0357 -0.6000 -0.4800
v 1.0950 -0.6000 -0.3674
v 1.1313 -0.6000 -0.2485
v 1.1451 -0.6000 -0.1253
v 1.1187 -0.7000 0.0000
v 1.0890 -0.7000 0.1233
v 1.0426 -0.7000 0.2446
v 0.9821 -0.7000 0.3616
v 0.9098 -0.7000 0.4725
v 0.8272 -0.7000 0.5753
v 0.7354 -0.7000 0.6682
v 0.6347 -0.7000 0.7497
v 0.5253 -0.7000 0.8184
v 0.4068 -0.7000 0.8731
v 0.2794 -0.7000 0.9128
v 0.1434 -0.7000 0.9369
v 0.0000 -0.7000 0.9450
v -0.1487 -0.7000 0.9369
v -0.2997 -0.7000 0.9128
v -0.4494 -0.7000 0.8731
v -0.5935 -0.7000 0.8184
v -0.7274 -0.7000 0.7497
v -0.8468 -0.7000 0.6682
v -0.9479 -0.7000 0.5753
v -1.0279 -0.7000 0.4725
v -1.0850 -0.7000 0.3616
v -1.1187 -0.7000 0.2446
v -1.1294 -0.7000 0.1233
v -1.1187 -0.7000 0.0000
v -1.0890 -0.7000 -0.1233
v -1.0426 -0.7000 -0.2446
v -0.9821 -0.7000 -0.3616
v -0.9098 -0.7000 -0.4725
v -0.8272 -0.7000 -0.5753
v -0.7354 -0.7000 -0.6682
v -0.6347 -0.7000 -0.7497
v -0.5253 -0.7000 -0.8184
v -0.4068 -0.7000 -0.8731
v -0.2794 -0.7000 -0.9128
v -0.1434 -0.7000 -0.9369
v -0.0000 -0.7000 -0.9450
v 0.1487 -0.7000 -0.9369
v 0.2997 -0.7000 -0.9128
v 0.4494 -0.7000 -0.8731
v 0.5935 -0.7000 -0.8184
v 0.7274 -0.7000 -0.7497
v 0.8468 -0.7000 -0.6682
v 0.9479 -0.7000 -0.5753
v 1.0279 -0.7000 -0.4725
v 1.0850 -0.7000 -0.3616
v 1.1187 -0.7000 -0.2446
v 1.1294 -0.7000 -0.1233
v 1.1000 -0.8000 0.0000
v 1.0675 -0.8000 0.1214
v 1.0191 -0.8000 0.2407
v 0.9575 -0.8000 0.3559
v 0.8851 -0.8000 0.4650
v 0.8037 -0.8000 0.5661
v 0.7142 -0.8000 0.6576
v 0.6167 -0.8000 0.7378
v 0.5110 -0.8000 0.8054
v 0.3966 -0.8000 0.8592
v 0.2731 -0.8000 0.8983
v 0.1405 -0.8000 0.9220
v 0.0000 -0.8000 0.9300
v -0.1466 -0.8000 0.9220
v -0.2963 -0.8000 0.8983
v -0.4453 -0.8000 0.8592
v -0.5890 -0.8000 0.8054
v -0.7226 -0.8000 0.7378
v -0.8415 -0.8000 0.6576
v -0.9417 -0.8000 0.5661
v -1.0201 -0.8000 0.4650
v -1.0751 -0.8000 0.3559
v -1.1060 -0.8000 0.2407
v -1.1137 -0.8000 0.1214
v -1.1000 -0.8000 0.0000
v -1.0675 -0.8000 -0.1214
v -1.0191 -0.8000 -0.2407
v -0.9575 -0.8000 -0.3559
v -0.8851 -0.8000 -0.4650
v -0.8037 -0.8000 -0.5661
v -0.7142 -0.8000 -0.6576
v -0.6167 -0.8000 -0.7378
v -0.5110 -0.8000 -0.8054
v -0.3966 -0.8000 -0.8592
v -0.2731 -0.8000 -0.8983
v -0.1405 -0.8000 -0.9220
v -0.0000 -0.8000 -0.9300
v 0.1466 -0.8000 -0.9220
v 0.2963 -0.8000 -0.8983
v 0.4453 -0.8000 -0.8592
v 0.5890 -0.8000 -0.8054
v 0.7226 -0.8000 -0.7378
v 0.8415 -0.8000 -0.6576
v 0.9417 -0.8000 -0.5661
v 1.0201 -0.8000 -0.4650
v 1.0751 -0.8000 -0.3559
v 1.1060 -0.8000 -0.2407
v 1.1137 -0.8000 -0.1214
v 1.2384 -0.8000 0.0000
v 1.2174 -0.8000 0.2275
v 1.1556 -0.8000 0.4394
v 1.0573 -0.8000 0.6214
v 0.9292 -0.8000 0.7611
v 0.7801 -0.8000 0.8489
v 0.6200 -0.8000 0.8789
v 0.4599 -0.8000 0.8489
v 0.3108 -0.8000 0.7611
v 0.1827 -0.8000 0.6214
v 0.0844 -0.8000 0.4394
v 0.0226 -0.8000 0.2275
v 0.0016 -0.8000 0.0000
v 0.0226 -0.8000 -0.2275
v 0.0844 -0.8000 -0.4394
v 0.1827 -0.8000 -0.6214
v 0.3108 -0.8000 -0.7611
v 0.4599 -0.8000 -0.8489
v 0.6200 -0.8000 -0.8789
v 0.7801 -0.8000 -0.8489
v 0.9292 -0.8000 -0.7611
v 1.0573 -0.8000 -0.6214
v 1.1556 -0.8000 -0.4394
v 1.2174 -0.8000 -0.2275
v 1.2193 -0.9154 0.0145
v 1.1988 -0.9154 0.2351
v 1.1389 -0.9154 0.4407
v 1.0436 -0.9154 0.6173
v 0.9193 -0.9154 0.7527
v 0.7747 -0.9154 0.8379
v 0.6194 -0.9154 0.8669
v 0.4641 -0.9154 0.8379
v 0.3194 -0.9154 0.7527
v 0.1952 -0.9154 0.6173
v 0.0999 -0.9154 0.4407
v 0.0399 -0.9154 0.2351
v 0.0195 -0.9154 0.0145
v 0.0399 -0.9154 -0.2062
v 0.0999 -0.9154 -0.4118
v 0.1952 -0.9154 -0.5883
v 0.3194 -0.9154 -0.7238
v 0.4641 -0.9154 -0.8090
v 0.6194 -0.9154 -0.8380
v 0.7747 -0.9154 -0.8090
v 0.9193 -0.9154 -0.7238
v 1.0436 -0.9154 -0.5883
v 1.1389 -0.9154 -0.4118
v 1.1988 -0.9154 -0.2062
v 1.1995 -1.0308 0.0287
v 1.1797 -1.0308 0.2425
v 1.1216 -1.0308 0.4418
v 1.0292 -1.0308 0.6129
v 0.9088 -1.0308 0.7442
v 0.7686 -1.0308 0.8267
v 0.6181 -1.0308 0.8548
v 0.4677 -1.0308 0.8267
v 0.3275 -1.0308 0.7442
v 0.2071 -1.0308 0.6129
v 0.1147 -1.0308 0.4418
v 0.0566 -1.0308 0.2425
v 0.0368 -1.0308 0.0287
v 0.0566 -1.0308 -0.1851
v 0.1147 -1.0308 -0.3843
v 0.2071 -1.0308 -0.5554
v 0.3275 -1.0308 -0.6867
v 0.4677 -1.0308 -0.7693
v 0.6181 -1.0308 -0.7974
v 0.7686 -1.0308 -0.7693
v 0.9088 -1.0308 -0.6867
v 1.0292 -1.0308 -0.5554
v 1.1216 -1.0308 -0.3843
v 1.1797 -1.0308 -0.1851
v 1.1792 -1.1462 0.0426
v 1.1601 -1.1462 0.2495
v 1.1038 -1.1462 0.4424
v 1.0144 -1.1462 0.6081
v 0.8978 -1.1462 0.7352
v 0.7621 -1.1462 0.8151
v 0.6164 -1.1462 0.8423
v 0.4708 -1.1462 0.8151
v 0.3351 -1.1462 0.7352
v 0.2185 -1.1462 0.6081
v 0.1291 -1.1462 0.4424
v 0.0728 -1.1462 0.2495
v 0.0537 -1.1462 0.0426
v 0.0728 -1.1462 -0.1644
v 0.1291 -1.1462 -0.3573
v 0.2185 -1.1462 -0.5230
v 0.3351 -1.1462 -0.6501
v 0.4708 -1.1462 -0.7299
v 0.6164 -1.1462 -0.7572
v 0.7621 -1.1462 -0.7299
v 0.8978 -1.1462 -0.6501
v 1.0144 -1.1462 -0.5230
v 1.1038 -1.1462 -0.3573
v 1.1601 -1.1462 -0.1644
v 1.1586 -1.2615 0.0558
v 1.1401 -1.2615 0.2559
v 1.0857 -1.2615 0.4425
v 0.9992 -1.2615 0.6026
v 0.8865 -1.2615 0.7255
v 0.7552 -1.2615 0.8028
v 0.6144 -1.2615 0.8292
v 0.4735 -1.2615 0.8028
v 0.3423 -1.2615 0.7255
v 0.2295 -1.2615 0.6026
v 0.1430 -1.2615 0.4425
v 0.0887 -1.2615 0.2559
v 0.0701 -1.2615 0.0558
v 0.0887 -1.2615 -0.1444
v 0.1430 -1.2615 -0.3309
v 0.2295 -1.2615 -0.4911
v 0.3423 -1.2615 -0.6140
v 0.4735 -1.2615 -0.6913
v 0.6144 -1.2615 -0.7176
v 0.7552 -1.2615 -0.6913
v 0.8865 -1.2615 -0.6140
v 0.9992 -1.2615 -0.4911
v 1.0857 -1.2615 -0.3309
v 1.1401 -1.2615 -0.1444
v 1.1376 -1.3769 0.0682
v 1.1197 -1.3769 0.2615
v 1.0672 -1.3769 0.4417
v 0.9837 -1.3769 0.5964
v 0.8748 -1.3769 0.7151
v 0.7480 -1.3769 0.7897
v 0.6120 -1.3769 0.8152
v 0.4759 -1.3769 0.7897
v 0.3491 -1.3769 0.7151
v 0.2402 -1.3769 0.5964
v 0.1567 -1.3769 0.4417
v 0.1042 -1.3769 0.2615
v 0.0863 -1.3769 0.0682
v 0.1042 -1.3769 -0.1252
v 0.1567 -1.3769 -0.3053
v 0.2402 -1.3769 -0.4601
v 0.3491 -1.3769 -0.5788
v 0.4759 -1.3769 -0.6534
v 0.6120 -1.3769 -0.6789
v 0.7480 -1.3769 -0.6534
v 0.8748 -1.3769 -0.5788
v 0.9837 -1.3769 -0.4601
v 1.0672 -1.3769 -0.3053
v 1.1197 -1.3769 -0.1252
v 1.1164 -1.4923 0.0796
v 1.0991 -1.4923 0.2661
v 1.0484 -1.4923 0.4399
v 0.9678 -1.4923 0.5892
v 0.8628 -1.4923 0.7037
v 0.7405 -1.4923 0.7757
v 0.6092 -1.4923 0.8002
v 0.4780 -1.4923 0.7757
v 0.3557 -1.4923 0.7037
v 0.2506 -1.4923 0.5892
v 0.1700 -1.4923 0.4399
v 0.1194 -1.4923 0.2661
v 0.1021 -1.4923 0.0796
v 0.1194 -1.4923 -0.1069
v 0.1700 -1.4923 -0.2808
v 0.2506 -1.4923 -0.4300
v 0.3557 -1.4923 -0.5445
v 0.4780 -1.4923 -0.6165
v 0.6092 -1.4923 -0.6411
v 0.7405 -1.4923 -0.6165
v 0.8628 -1.4923 -0.5445
v 0.9678 -1.4923 -0.4300
v 1.0484 -1.4923 -0.2808
v 1.0991 -1.4923 -0.1069
v 1.0948 -1.6077 0.0898
v 1.0781 -1.6077 0.2695
v 1.0293 -1.6077 0.4370
v 0.9517 -1.6077 0.5808
v 0.8505 -1.6077 0.6911
v 0.7327 -1.6077 0.7605
v 0.6062 -1.6077 0.7841
v 0.4798 -1.6077 0.7605
v 0.3619 -1.6077 0.6911
v 0.2607 -1.6077 0.5808
v 0.1831 -1.6077 0.4370
v 0.1343 -1.6077 0.2695
v 0.1176 -1.6077 0.0898
v 0.1343 -1.6077 -0.0899
v 0.1831 -1.6077 -0.2573
v 0.2607 -1.6077 -0.4011
v 0.3619 -1.6077 -0.5115
v 0.4798 -1.6077 -0.5808
v 0.6062 -1.6077 -0.6045
v 0.7327 -1.6077 -0.5808
v 0.8505 -1.6077 -0.5115
v 0.9517 -1.6077 -0.4011
v 1.0293 -1.6077 -0.2573
v 1.0781 -1.6077 -0.0899
v 1.0730 -1.7231 0.0988
v 1.0569 -1.7231 0.2716
v 1.0100 -1.7231 0.4327
v 0.9353 -1.7231 0.5711
v 0.8379 -1.7231 0.6772
v 0.7246 -1.7231 0.7439
v 0.6029 -1.7231 0.7667
v 0.4813 -1.7231 0.7439
v 0.3679 -1.7231 0.6772
v 0.2706 -1.7231 0.5711
v 0.1959 -1.7231 0.4327
v 0.1489 -1.7231 0.2716
v 0.1329 -1.7231 0.0988
v 0.1489 -1.7231 -0.0741
v 0.1959 -1.7231 -0.2352
v 0.2706 -1.7231 -0.3735
v 0.3679 -1.7231 -0.4797
v 0.4813 -1.7231 -0.5464
v 0.6029 -1.7231 -0.5692
v 0.7246 -1.7231 -0.5464
v 0.8379 -1.7231 -0.4797
v 0.9353 -1.7231 -0.3735
v 1.0100 -1.7231 -0.2352
v 1.0569 -1.7231 -0.0741
v 1.0509 -1.8385 0.1063
v 1.0355 -1.8385 0.2723
v 0.9904 -1.8385 0.4270
v 0.9186 -1.8385 0.5599
v 0.8251 -1.8385 0.6619
v 0.7162 -1.8385 0.7260
v 0.5994 -1.8385 0.7478
v 0.4825 -1.8385 0.7260
v 0.3737 -1.8385 0.6619
v 0.2802 -1.8385 0.5599
v 0.2084 -1.8385 0.4270
v 0.1633 -1.8385 0.2723
v 0.1479 -1.8385 0.1063
v 0.1633 -1.8385 -0.0598
v 0.2084 -1.8385 -0.2145
v 0.2802 -1.8385 -0.3474
v 0.3737 -1.8385 -0.4494
v 0.4825 -1.8385 -0.5134
v 0.5994 -1.8385 -0.5353
v 0.7162 -1.8385 -0.5134
v 0.8251 -1.8385 -0.4494
v 0.9186 -1.8385 -0.3474
v 0.9904 -1.8385 -0.2145
v 1.0355 -1.8385 -0.0598
v 1.0285 -1.9538 0.1122
v 1.0138 -1.9538 0.2714
v 0.9705 -1.9538 0.4198
v 0.9017 -1.9538 0.5472
v 0.8121 -1.9538 0.6450
v 0.7077 -1.9538 0.7064
v 0.5956 -1.9538 0.7274
v 0.4836 -1.9538 0.7064
v 0.3792 -1.9538 0.6450
v 0.2895 -1.9538 0.5472
v 0.2207 -1.9538 0.4198
v 0.1774 -1.9538 0.2714
v 0.1627 -1.9538 0.1122
v 0.1774 -1.9538 -0.0470
v 0.2207 -1.9538 -0.1954
v 0.2895 -1.9538 -0.3228
v 0.3792 -1.9538 -0.4206
v 0.4836 -1.9538 -0.4820
v 0.5956 -1.9538 -0.5030
v 0.7077 -1.9538 -0.4820
v 0.8121 -1.9538 -0.4206
v 0.9017 -1.9538 -0.3228
v 0.9705 -1.9538 -0.1954
v 1.0138 -1.9538 -0.0470
v 1.0060 -2.0692 0.1165
v 0.9918 -2.0692 0.2689
v 0.9504 -2.0692 0.4109
v 0.8846 -2.0692 0.5329
v 0.7988 -2.0692 0.6265
v 0.6988 -2.0692 0.6853
v 0.5916 -2.0692 0.7053
v 0.4843 -2.0692 0.6853
v 0.3844 -2.0692 0.6265
v 0.2986 -2.0692 0.5329
v 0.2327 -2.0692 0.4109
v 0.1914 -2.0692 0.2689
v 0.1772 -2.0692 0.1165
v 0.1914 -2.0692 -0.0359
v 0.2327 -2.0692 -0.1779
v 0.2986 -2.0692 -0.2999
v 0.3844 -2.0692 -0.3934
v 0.4843 -2.0692 -0.4523
v 0.5916 -2.0692 -0.4723
v 0.6988 -2.0692 -0.4523
v 0.7988 -2.0692 -0.3934
v 0.8846 -2.0692 -0.2999
v 0.9504 -2.0692 -0.1779
v 0.9918 -2.0692 -0.0359
v 0.9832 -2.1846 0.1191
v 0.9697 -2.1846 0.2647
v 0.9301 -2.1846 0.4004
v 0.8672 -2.1846 0.5168
v 0.7853 -2.1846 0.6062
v 0.6898 -2.1846 0.6624
v 0.5873 -2.1846 0.6816
v 0.4849 -2.1846 0.6624
v 0.3894 -2.1846 0.6062
v 0.3075 -2.1846 0.5168
v 0.2446 -2.1846 0.4004
v 0.2050 -2.1846 0.2647
v 0.1915 -2.1846 0.1191
v 0.2050 -2.1846 -0.0265
v 0.2446 -2.1846 -0.1621
v 0.3075 -2.1846 -0.2786
v 0.3894 -2.1846 -0.3680
v 0.4849 -2.1846 -0.4242
v 0.5873 -2.1846 -0.4433
v 0.6898 -2.1846 -0.4242
v 0.7853 -2.1846 -0.3680
v 0.8672 -2.1846 -0.2786
v 0.9301 -2.1846 -0.1621
v 0.9697 -2.1846 -0.0265
v 0.9601 -2.3000 0.1200
v 0.9473 -2.3000 0.2588
v 0.9096 -2.3000 0.3880
v 0.8496 -2.3000 0.4991
v 0.7715 -2.3000 0.5843
v 0.6805 -2.3000 0.6378
v 0.5829 -2.3000 0.6561
v 0.4852 -2.3000 0.6378
v 0.3943 -2.3000 0.5843
v 0.3161 -2.3000 0.4991
v 0.2562 -2.3000 0.3880
v 0.2185 -2.3000 0.2588
v 0.2056 -2.3000 0.1200
v 0.2185 -2.3000 -0.0188
v 0.2562 -2.3000 -0.1480
v 0.3161 -2.3000 -0.2591
v 0.3943 -2.3000 -0.3443
v 0.4852 -2.3000 -0.3978
v 0.5829 -2.3000 -0.4161
v 0.6805 -2.3000 -0.3978
v 0.7715 -2.3000 -0.3443
v 0.8496 -2.3000 -0.2591
v 0.9096 -2.3000 -0.1480
v 0.9473 -2.3000 -0.0188
v 0.9369 -2.4154 0.1191
v 0.9247 -2.4154 0.2511
v 0.8889 -2.4154 0.3740
v 0.8319 -2.4154 0.4796
v 0.7576 -2.4154 0.5606
v 0.6711 -2.4154 0.6115
v 0.5782 -2.4154 0.6289
v 0.4854 -2.4154 0.6115
v 0.3989 -2.4154 0.5606
v 0.3246 -2.4154 0.4796
v 0.2676 -2.4154 0.3740
v 0.2317 -2.4154 0.2511
v 0.2195 -2.4154 0.1191
v 0.2317 -2.4154 -0.0128
v 0.2676 -2.4154 -0.1357
v 0.3246 -2.4154 -0.2413
v 0.3989 -2.4154 -0.3223
v 0.4854 -2.4154 -0.3732
v 0.5782 -2.4154 -0.3906
v 0.6711 -2.4154 -0.3732
v 0.7576 -2.4154 -0.3223
v 0.8319 -2.4154 -0.2413
v 0.8889 -2.4154 -0.1357
v 0.9247 -2.4154 -0.0128
v 0.9135 -2.5308 0.1165
v 0.9019 -2.5308 0.2416
v 0.8679 -2.5308 0.3582
v 0.8139 -2.5308 0.4583
v 0.7434 -2.5308 0.5351
v 0.6614 -2.5308 0.5834
v 0.5733 -2.5308 0.5999
v 0.4853 -2.5308 0.5834
v 0.4033 -2.5308 0.5351
v 0.3328 -2.5308 0.4583
v 0.2788 -2.5308 0.3582
v 0.2448 -2.5308 0.2416
v 0.2332 -2.5308 0.1165
v 0.2448 -2.5308 -0.0086
v 0.2788 -2.5308 -0.1252
v 0.3328 -2.5308 -0.2253
v 0.4033 -2.5308 -0.3021
v 0.4853 -2.5308 -0.3504
v 0.5733 -2.5308 -0.3669
v 0.6614 -2.5308 -0.3504
v 0.7434 -2.5308 -0.3021
v 0.8139 -2.5308 -0.2253
v 0.8679 -2.5308 -0.1252
v 0.9019 -2.5308 -0.0086
v 0.8899 -2.6462 0.1122
v 0.8789 -2.6462 0.2305
v 0.8468 -2.6462 0.3407
v 0.7957 -2.6462 0.4354
v 0.7291 -2.6462 0.5080
v 0.6515 -2.6462 0.5536
v 0.5683 -2.6462 0.5692
v 0.4850 -2.6462 0.5536
v 0.4075 -2.6462 0.5080
v 0.3409 -2.6462 0.4354
v 0.2898 -2.6462 0.3407
v 0.2576 -2.6462 0.2305
v 0.2467 -2.6462 0.1122
v 0.2576 -2.6462 -0.0061
v 0.2898 -2.6462 -0.1163
v 0.3409 -2.6462 -0.2109
v 0.4075 -2.6462 -0.2836
v 0.4850 -2.6462 -0.3292
v 0.5683 -2.6462 -0.3448
v 0.6515 -2.6462 -0.3292
v 0.7291 -2.6462 -0.2836
v 0.7957 -2.6462 -0.2109
v 0.8468 -2.6462 -0.1163
v 0.8789 -2.6462 -0.0061
v 0.8660 -2.7615 0.1063
v 0.8557 -2.7615 0.2177
v 0.8254 -2.7615 0.3216
v 0.7773 -2.7615 0.4108
v 0.7145 -2.7615 0.4792
v 0.6414 -2.7615 0.5222
v 0.5630 -2.7615 0.5369
v 0.4846 -2.7615 0.5222
v 0.4115 -2.7615 0.4792
v 0.3487 -2.7615 0.4108
v 0.3006 -2.7615 0.3216
v 0.2703 -2.7615 0.2177
v 0.2600 -2.7615 0.1063
v 0.2703 -2.7615 -0.0052
v 0.3006 -2.7615 -0.1091
v 0.3487 -2.7615 -0.1983
v 0.4115 -2.7615 -0.2667
v 0.4846 -2.7615 -0.3097
v 0.5630 -2.7615 -0.3244
v 0.6414 -2.7615 -0.3097
v 0.7145 -2.7615 -0.2667
v 0.7773 -2.7615 -0.1983
v 0.8254 -2.7615 -0.1091
v 0.8557 -2.7615 -0.0052
v 0.8420 -2.8769 0.0988
v 0.8323 -2.8769 0.2034
v 0.8039 -2.8769 0.3009
v 0.7587 -2.8769 0.3846
v 0.6998 -2.8769 0.4489
v 0.6312 -2.8769 0.4893
v 0.5575 -2.8769 0.5030
v 0.4839 -2.8769 0.4893
v 0.4153 -2.8769 0.4489
v 0.3564 -2.8769 0.3846
v 0.3112 -2.8769 0.3009
v 0.2827 -2.8769 0.2034
v 0.2730 -2.8769 0.0988
v 0.2827 -2.8769 -0.0059
v 0.3112 -2.8769 -0.1034
v 0.3564 -2.8769 -0.1871
v 0.4153 -2.8769 -0.2514
v 0.4839 -2.8769 -0.2917
v 0.5575 -2.8769 -0.3055
v 0.6312 -2.8769 -0.2917
v 0.6998 -2.8769 -0.2514
v 0.7587 -2.8769 -0.1871
v 0.8039 -2.8769 -0.1034
v 0.8323 -2.8769 -0.0059
v 0.8178 -2.9923 0.0898
v 0.8088 -2.9923 0.1876
v 0.7822 -2.9923 0.2788
v 0.7399 -2.9923 0.3570
v 0.6849 -2.9923 0.4171
v 0.6207 -2.9923 0.4548
v 0.5519 -2.9923 0.4677
v 0.4831 -2.9923 0.4548
v 0.4189 -2.9923 0.4171
v 0.3638 -2.9923 0.3570
v 0.3216 -2.9923 0.2788
v 0.2950 -2.9923 0.1876
v 0.2860 -2.9923 0.0898
v 0.2950 -2.9923 -0.0080
v 0.3216 -2.9923 -0.0991
v 0.3638 -2.9923 -0.1774
v 0.4189 -2.9923 -0.2375
v 0.4831 -2.9923 -0.2752
v 0.5519 -2.9923 -0.2881
v 0.6207 -2.9923 -0.2752
v 0.6849 -2.9923 -0.2375
v 0.7399 -2.9923 -0.1774
v 0.7822 -2.9923 -0.0991
v 0.8088 -2.9923 -0.0080
v 0.7934 -3.1077 0.0796
v 0.7850 -3.1077 0.1706
v 0.7603 -3.1077 0.2553
v 0.7210 -3.1077 0.3282
v 0.6698 -3.1077 0.3840
v 0.6101 -3.1077 0.4191
v 0.5461 -3.1077 0.4311
v 0.4820 -3.1077 0.4191
v 0.4224 -3.1077 0.3840
v 0.3711 -3.1077 0.3282
v 0.3318 -3.1077 0.2553
v 0.3071 -3.1077 0.1706
v 0.2987 -3.1077 0.0796
v 0.3071 -3.1077 -0.0114
v 0.3318 -3.1077 -0.0962
v 0.3711 -3.1077 -0.1690
v 0.4224 -3.1077 -0.2249
v 0.4820 -3.1077 -0.2600
v 0.5461 -3.1077 -0.2720
v 0.6101 -3.1077 -0.2600
v 0.6698 -3.1077 -0.2249
v 0.7210 -3.1077 -0.1690
v 0.7603 -3.1077 -0.0962
v 0.7850 -3.1077 -0.0114
v 0.7689 -3.2231 0.0682
v 0.7611 -3.2231 0.1523
v 0.7382 -3.2231 0.2308
v 0.7019 -3.2231 0.2981
v 0.6545 -3.2231 0.3498
v 0.5993 -3.2231 0.3823
v 0.5401 -3.2231 0.3933
v 0.4808 -3.2231 0.3823
v 0.4257 -3.2231 0.3498
v 0.3783 -3.2231 0.2981
v 0.3419 -3.2231 0.2308
v 0.3190 -3.2231 0.1523
v 0.3112 -3.2231 0.0682
v 0.3190 -3.2231 -0.0160
v 0.3419 -3.2231 -0.0944
v 0.3783 -3.2231 -0.1618
v 0.4257 -3.2231 -0.2134
v 0.4808 -3.2231 -0.2459
v 0.5401 -3.2231 -0.2570
v 0.5993 -3.2231 -0.2459
v 0.6545 -3.2231 -0.2134
v 0.7019 -3.2231 -0.1618
v 0.7382 -3.2231 -0.0944
v 0.7611 -3.2231 -0.0160
v 0.7442 -3.3385 0.0558
v 0.7370 -3.3385 0.1331
v 0.7160 -3.3385 0.2052
v 0.6826 -3.3385 0.2671
v 0.6390 -3.3385 0.3145
v 0.5883 -3.3385 0.3444
v 0.5339 -3.3385 0.3546
v 0.4795 -3.3385 0.3444
v 0.4287 -3.3385 0.3145
v 0.3852 -3.3385 0.2671
v 0.3518 -3.3385 0.2052
v 0.3308 -3.3385 0.1331
v 0.3236 -3.3385 0.0558
v 0.3308 -3.3385 -0.0216
v 0.3518 -3.3385 -0.0936
v 0.3852 -3.3385 -0.1555
v 0.4287 -3.3385 -0.2030
v 0.4795 -3.3385 -0.2329
v 0.5339 -3.3385 -0.2430
v 0.5883 -3.3385 -0.2329
v 0.6390 -3.3385 -0.2030
v 0.6826 -3.3385 -0.1555
v 0.7160 -3.3385 -0.0936
v 0.7370 -3.3385 -0.0216
v 0.7193 -3.4538 0.0426
v 0.7127 -3.4538 0.1131
v 0.6936 -3.4538 0.1788
v 0.6631 -3.4538 0.2352
v 0.6234 -3.4538 0.2785
v 0.5772 -3.4538 0.3057
v 0.5275 -3.4538 0.3150
v 0.4779 -3.4538 0.3057
v 0.4317 -3.4538 0.2785
v 0.3920 -3.4538 0.2352
v 0.3615 -3.4538 0.1788
v 0.3424 -3.4538 0.1131
v 0.3358 -3.4538 0.0426
v 0.3424 -3.4538 -0.0280
v 0.3615 -3.4538 -0.0937
v 0.3920 -3.4538 -0.1501
v 0.4317 -3.4538 -0.1934
v 0.4779 -3.4538 -0.2206
v 0.5275 -3.4538 -0.2299
v 0.5772 -3.4538 -0.2206
v 0.6234 -3.4538 -0.1934
v 0.6631 -3.4538 -0.1501
v 0.6936 -3.4538 -0.0937
v 0.7127 -3.4538 -0.0280
v 0.6942 -3.5692 0.0287
v 0.6883 -3.5692 0.0924
v 0.6710 -3.5692 0.1518
v 0.6435 -3.5692 0.2027
v 0.6076 -3.5692 0.2418
v 0.5658 -3.5692 0.2664
v 0.5210 -3.5692 0.2748
v 0.4762 -3.5692 0.2664
v 0.4344 -3.5692 0.2418
v 0.3986 -3.5692 0.2027
v 0.3711 -3.5692 0.1518
v 0.3538 -3.5692 0.0924
v 0.3479 -3.5692 0.0287
v 0.3538 -3.5692 -0.0350
v 0.3711 -3.5692 -0.0943
v 0.3986 -3.5692 -0.1453
v 0.4344 -3.5692 -0.1844
v 0.4762 -3.5692 -0.2090
v 0.5210 -3.5692 -0.2174
v 0.5658 -3.5692 -0.2090
v 0.6076 -3.5692 -0.1844
v 0.6435 -3.5692 -0.1453
v 0.6710 -3.5692 -0.0943
v 0.6883 -3.5692 -0.0350
v 0.6690 -3.6846 0.0145
v 0.6637 -3.6846 0.0713
v 0.6482 -3.6846 0.1243
v 0.6237 -3.6846 0.1698
v 0.5916 -3.6846 0.2047
v 0.5544 -3.6846 0.2267
v 0.5143 -3.6846 0.2342
v 0.4743 -3.6846 0.2267
v 0.4370 -3.6846 0.2047
v 0.4050 -3.6846 0.1698
v 0.3804 -3.6846 0.1243
v 0.3650 -3.6846 0.0713
v 0.3597 -3.6846 0.0145
v 0.3650 -3.6846 -0.0424
v 0.3804 -3.6846 -0.0954
v 0.4050 -3.6846 -0.1409
v 0.4370 -3.6846 -0.1758
v 0.4743 -3.6846 -0.1978
v 0.5143 -3.6846 -0.2052
v 0.5544 -3.6846 -0.1978
v 0.5916 -3.6846 -0.1758
v 0.6237 -3.6846 -0.1409
v 0.6482 -3.6846 -0.0954
v 0.6637 -3.6846 -0.0424
v 0.6436 -3.8000 0.0000
v 0.6389 -3.8000 0.0500
v 0.6253 -3.8000 0.0967
v 0.6037 -3.8000 0.1367
v 0.5755 -3.8000 0.1674
v 0.5427 -3.8000 0.1868
v 0.5075 -3.8000 0.1933
v 0.4723 -3.8000 0.1868
v 0.4395 -3.8000 0.1674
v 0.4113 -3.8000 0.1367
v 0.3897 -3.8000 0.0967
v 0.3761 -3.8000 0.0500
v 0.3714 -3.8000 0.0000
v 0.3761 -3.8000 -0.0500
v 0.3897 -3.8000 -0.0967
v 0.4113 -3.8000 -0.1367
v 0.4395 -3.8000 -0.1674
v 0.4723 -3.8000 -0.1868
v 0.5075 -3.8000 -0.1933
v 0.5427 -3.8000 -0.1868
v 0.5755 -3.8000 -0.1674
v 0.6037 -3.8000 -0.1367
v 0.6253 -3.8000 -0.0967
v 0.6389 -3.8000 -0.0500
v 0.5075 -3.8800 0.0000
v -0.0781 -0.8000 0.0000
v -0.0966 -0.8000 0.1993
v -0.1507 -0.8000 0.3850
v -0.2368 -0.8000 0.5445
v -0.3491 -0.8000 0.6669
v -0.4798 -0.8000 0.7438
v -0.6200 -0.8000 0.7700
v -0.7602 -0.8000 0.7438
v -0.8909 -0.8000 0.6669
v -1.0032 -0.8000 0.5445
v -1.0893 -0.8000 0.3850
v -1.1434 -0.8000 0.1993
v -1.1619 -0.8000 0.0000
v -1.1434 -0.8000 -0.1993
v -1.0893 -0.8000 -0.3850
v -1.0032 -0.8000 -0.5445
v -0.8909 -0.8000 -0.6669
v -0.7602 -0.8000 -0.7438
v -0.6200 -0.8000 -0.7700
v -0.4798 -0.8000 -0.7438
v -0.3491 -0.8000 -0.6669
v -0.2368 -0.8000 -0.5445
v -0.1507 -0.8000 -0.3850
v -0.0966 -0.8000 -0.1993
v -0.0954 -0.9154 0.0145
v -0.1133 -0.9154 0.2078
v -0.1658 -0.9154 0.3879
v -0.2494 -0.9154 0.5426
v -0.3582 -0.9154 0.6613
v -0.4850 -0.9154 0.7360
v -0.6210 -0.9154 0.7614
v -0.7571 -0.9154 0.7360
v -0.8838 -0.9154 0.6613
v -0.9927 -0.9154 0.5426
v -1.0762 -0.9154 0.3879
v -1.1287 -0.9154 0.2078
v -1.1467 -0.9154 0.0145
v -1.1287 -0.9154 -0.1789
v -1.0762 -0.9154 -0.3590
v -0.9927 -0.9154 -0.5137
v -0.8838 -0.9154 -0.6324
v -0.7571 -0.9154 -0.7070
v -0.6210 -0.9154 -0.7325
v -0.4850 -0.9154 -0.7070
v -0.3582 -0.9154 -0.6324
v -0.2494 -0.9154 -0.5137
v -0.1658 -0.9154 -0.3590
v -0.1133 -0.9154 -0.1789
v -0.1138 -1.0308 0.0287
v -0.1311 -1.0308 0.2161
v -0.1820 -1.0308 0.3906
v -0.2629 -1.0308 0.5405
v -0.3684 -1.0308 0.6556
v -0.4913 -1.0308 0.7279
v -0.6231 -1.0308 0.7526
v -0.7550 -1.0308 0.7279
v -0.8778 -1.0308 0.6556
v -0.9833 -1.0308 0.5405
v -1.0642 -1.0308 0.3906
v -1.1151 -1.0308 0.2161
v -1.1325 -1.0308 0.0287
v -1.1151 -1.0308 -0.1586
v -1.0642 -1.0308 -0.3332
v -0.9833 -1.0308 -0.4831
v -0.8778 -1.0308 -0.5981
v -0.7550 -1.0308 -0.6705
v -0.6231 -1.0308 -0.6951
v -0.4913 -1.0308 -0.6705
v -0.3684 -1.0308 -0.5981
v -0.2629 -1.0308 -0.4831
v -0.1820 -1.0308 -0.3332
v -0.1311 -1.0308 -0.1586
v -0.1329 -1.1462 0.0426
v -0.1497 -1.1462 0.2239
v -0.1989 -1.1462 0.3929
v -0.2773 -1.1462 0.5380
v -0.3794 -1.1462 0.6494
v -0.4983 -1.1462 0.7194
v -0.6260 -1.1462 0.7433
v -0.7536 -1.1462 0.7194
v -0.8725 -1.1462 0.6494
v -0.9747 -1.1462 0.5380
v -1.0530 -1.1462 0.3929
v -1.1023 -1.1462 0.2239
v -1.1191 -1.1462 0.0426
v -1.1023 -1.1462 -0.1388
v -1.0530 -1.1462 -0.3078
v -0.9747 -1.1462 -0.4529
v -0.8725 -1.1462 -0.5643
v -0.7536 -1.1462 -0.6343
v -0.6260 -1.1462 -0.6582
v -0.4983 -1.1462 -0.6343
v -0.3794 -1.1462 -0.5643
v -0.2773 -1.1462 -0.4529
v -0.1989 -1.1462 -0.3078
v -0.1497 -1.1462 -0.1388
v -0.1526 -1.2615 0.0558
v -0.1689 -1.2615 0.2312
v -0.2165 -1.2615 0.3946
v -0.2923 -1.2615 0.5349
v -0.3910 -1.2615 0.6426
v -0.5060 -1.2615 0.7103
v -0.6295 -1.2615 0.7334
v -0.7529 -1.2615 0.7103
v -0.8679 -1.2615 0.6426
v -0.9666 -1.2615 0.5349
v -1.0424 -1.2615 0.3946
v -1.0901 -1.2615 0.2312
v -1.1063 -1.2615 0.0558
v -1.0901 -1.2615 -0.1196
v -1.0424 -1.2615 -0.2831
v -0.9666 -1.2615 -0.4234
v -0.8679 -1.2615 -0.5311
v -0.7529 -1.2615 -0.5988
v -0.6295 -1.2615 -0.6219
v -0.5060 -1.2615 -0.5988
v -0.3910 -1.2615 -0.5311
v -0.2923 -1.2615 -0.4234
v -0.2165 -1.2615 -0.2831
v -0.1689 -1.2615 -0.1196
v -0.1729 -1.3769 0.0682
v -0.1886 -1.3769 0.2376
v -0.2346 -1.3769 0.3954
v -0.3078 -1.3769 0.5310
v -0.4032 -1.3769 0.6350
v -0.5143 -1.3769 0.7004
v -0.6335 -1.3769 0.7227
v -0.7527 -1.3769 0.7004
v -0.8638 -1.3769 0.6350
v -0.9592 -1.3769 0.5310
v -1.0324 -1.3769 0.3954
v -1.0784 -1.3769 0.2376
v -1.0941 -1.3769 0.0682
v -1.0784 -1.3769 -0.1012
v -1.0324 -1.3769 -0.2591
v -0.9592 -1.3769 -0.3947
v -0.8638 -1.3769 -0.4987
v -0.7527 -1.3769 -0.5641
v -0.6335 -1.3769 -0.5864
v -0.5143 -1.3769 -0.5641
v -0.4032 -1.3769 -0.4987
v -0.3078 -1.3769 -0.3947
v -0.2346 -1.3769 -0.2591
v -0.1886 -1.3769 -0.1012
v -0.1938 -1.4923 0.0796
v -0.2089 -1.4923 0.2430
v -0.2533 -1.4923 0.3953
v -0.3239 -1.4923 0.5261
v -0.4159 -1.4923 0.6264
v -0.5231 -1.4923 0.6895
v -0.6381 -1.4923 0.7110
v -0.7531 -1.4923 0.6895
v -0.8603 -1.4923 0.6264
v -0.9523 -1.4923 0.5261
v -1.0229 -1.4923 0.3953
v -1.0673 -1.4923 0.2430
v -1.0824 -1.4923 0.0796
v -1.0673 -1.4923 -0.0839
v -1.0229 -1.4923 -0.2361
v -0.9523 -1.4923 -0.3669
v -0.8603 -1.4923 -0.4673
v -0.7531 -1.4923 -0.5303
v -0.6381 -1.4923 -0.5519
v -0.5231 -1.4923 -0.5303
v -0.4159 -1.4923 -0.4673
v -0.3239 -1.4923 -0.3669
v -0.2533 -1.4923 -0.2361
v -0.2089 -1.4923 -0.0839
v -0.2151 -1.6077 0.0898
v -0.2297 -1.6077 0.2473
v -0.2724 -1.6077 0.3940
v -0.3405 -1.6077 0.5200
v -0.4291 -1.6077 0.6167
v -0.5324 -1.6077 0.6774
v -0.6432 -1.6077 0.6982
v -0.7540 -1.6077 0.6774
v -0.8572 -1.6077 0.6167
v -0.9459 -1.6077 0.5200
v -1.0139 -1.6077 0.3940
v -1.0567 -1.6077 0.2473
v -1.0712 -1.6077 0.0898
v -1.0567 -1.6077 -0.0676
v -1.0139 -1.6077 -0.2143
v -0.9459 -1.6077 -0.3403
v -0.8572 -1.6077 -0.4370
v -0.7540 -1.6077 -0.4978
v -0.6432 -1.6077 -0.5185
v -0.5324 -1.6077 -0.4978
v -0.4291 -1.6077 -0.4370
v -0.3405 -1.6077 -0.3403
v -0.2724 -1.6077 -0.2143
v -0.2297 -1.6077 -0.0676
v -0.2368 -1.7231 0.0988
v -0.2509 -1.7231 0.2502
v -0.2920 -1.7231 0.3914
v -0.3575 -1.7231 0.5126
v -0.4428 -1.7231 0.6056
v -0.5421 -1.7231 0.6640
v -0.6487 -1.7231 0.6840
v -0.7553 -1.7231 0.6640
v -0.8546 -1.7231 0.6056
v -0.9399 -1.7231 0.5126
v -1.0053 -1.7231 0.3914
v -1.0465 -1.7231 0.2502
v -1.0605 -1.7231 0.0988
v -1.0465 -1.7231 -0.0527
v -1.0053 -1.7231 -0.1939
v -0.9399 -1.7231 -0.3151
v -0.8546 -1.7231 -0.4081
v -0.7553 -1.7231 -0.4665
v -0.6487 -1.7231 -0.4865
v -0.5421 -1.7231 -0.4665
v -0.4428 -1.7231 -0.4081
v -0.3575 -1.7231 -0.3151
v -0.2920 -1.7231 -0.1939
v -0.2509 -1.7231 -0.0527
v -0.2590 -1.8385 0.1063
v -0.2725 -1.8385 0.2517
v -0.3120 -1.8385 0.3873
v -0.3749 -1.8385 0.5037
v -0.4568 -1.8385 0.5931
v -0.5522 -1.8385 0.6492
v -0.6546 -1.8385 0.6684
v -0.7570 -1.8385 0.6492
v -0.8524 -1.8385 0.5931
v -0.9343 -1.8385 0.5037
v -0.9972 -1.8385 0.3873
v -1.0367 -1.8385 0.2517
v -1.0502 -1.8385 0.1063
v -1.0367 -1.8385 -0.0392
v -0.9972 -1.8385 -0.1748
v -0.9343 -1.8385 -0.2912
v -0.8524 -1.8385 -0.3806
v -0.7570 -1.8385 -0.4367
v -0.6546 -1.8385 -0.4559
v -0.5522 -1.8385 -0.4367
v -0.4568 -1.8385 -0.3806
v -0.3749 -1.8385 -0.2912
v -0.3120 -1.8385 -0.1748
v -0.2725 -1.8385 -0.0392
v -0.2817 -1.9538 0.1122
v -0.2946 -1.9538 0.2517
v -0.3325 -1.9538 0.3817
v -0.3928 -1.9538 0.4934
v -0.4713 -1.9538 0.5790
v -0.5628 -1.9538 0.6329
v -0.6610 -1.9538 0.6512
v -0.7591 -1.9538 0.6329
v -0.8506 -1.9538 0.5790
v -0.9292 -1.9538 0.4934
v -0.9895 -1.9538 0.3817
v -1.0274 -1.9538 0.2517
v -1.0403 -1.9538 0.1122
v -1.0274 -1.9538 -0.0273
v -0.9895 -1.9538 -0.1573
v -0.9292 -1.9538 -0.2689
v -0.8506 -1.9538 -0.3546
v -0.7591 -1.9538 -0.4085
v -0.6610 -1.9538 -0.4268
v -0.5628 -1.9538 -0.4085
v -0.4713 -1.9538 -0.3546
v -0.3928 -1.9538 -0.2689
v -0.3325 -1.9538 -0.1573
v -0.2946 -1.9538 -0.0273
v -0.3047 -2.0692 0.1165
v -0.3170 -2.0692 0.2500
v -0.3533 -2.0692 0.3745
v -0.4110 -2.0692 0.4813
v -0.4862 -2.0692 0.5633
v -0.5738 -2.0692 0.6149
v -0.6677 -2.0692 0.6324
v -0.7617 -2.0692 0.6149
v -0.8493 -2.0692 0.5633
v -0.9244 -2.0692 0.4813
v -0.9821 -2.0692 0.3745
v -1.0184 -2.0692 0.2500
v -1.0308 -2.0692 0.1165
v -1.0184 -2.0692 -0.0170
v -0.9821 -2.0692 -0.1415
v -0.9244 -2.0692 -0.2483
v -0.8493 -2.0692 -0.3303
v -0.7617 -2.0692 -0.3818
v -0.6677 -2.0692 -0.3994
v -0.5738 -2.0692 -0.3818
v -0.4862 -2.0692 -0.3303
v -0.4110 -2.0692 -0.2483
v -0.3533 -2.0692 -0.1415
v -0.3170 -2.0692 -0.0170
v -0.3280 -2.1846 0.1191
v -0.3399 -2.1846 0.2467
v -0.3745 -2.1846 0.3655
v -0.4296 -2.1846 0.4676
v -0.5015 -2.1846 0.5459
v -0.5851 -2.1846 0.5952
v -0.6749 -2.1846 0.6120
v -0.7646 -2.1846 0.5952
v -0.8483 -2.1846 0.5459
v -0.9201 -2.1846 0.4676
v -0.9752 -2.1846 0.3655
v -1.0098 -2.1846 0.2467
v -1.0217 -2.1846 0.1191
v -1.0098 -2.1846 -0.0084
v -0.9752 -2.1846 -0.1273
v -0.9201 -2.1846 -0.2294
v -0.8483 -2.1846 -0.3077
v -0.7646 -2.1846 -0.3569
v -0.6749 -2.1846 -0.3737
v -0.5851 -2.1846 -0.3569
v -0.5015 -2.1846 -0.3077
v -0.4296 -2.1846 -0.2294
v -0.3745 -2.1846 -0.1273
v -0.3399 -2.1846 -0.0084
v -0.3518 -2.3000 0.1200
v -0.3631 -2.3000 0.2416
v -0.3961 -2.3000 0.3549
v -0.4486 -2.3000 0.4521
v -0.5171 -2.3000 0.5268
v -0.5968 -2.3000 0.5737
v -0.6823 -2.3000 0.5897
v -0.7679 -2.3000 0.5737
v -0.8476 -2.3000 0.5268
v -0.9161 -2.3000 0.4521
v -0.9686 -2.3000 0.3549
v -1.0016 -2.3000 0.2416
v -1.0129 -2.3000 0.1200
v -1.0016 -2.3000 -0.0016
v -0.9686 -2.3000 -0.1149
v -0.9161 -2.3000 -0.2121
v -0.8476 -2.3000 -0.2868
v -0.7679 -2.3000 -0.3337
v -0.6823 -2.3000 -0.3497
v -0.5968 -2.3000 -0.3337
v -0.5171 -2.3000 -0.2868
v -0.4486 -2.3000 -0.2121
v -0.3961 -2.3000 -0.1149
v -0.3631 -2.3000 -0.0016
v -0.3759 -2.4154 0.1191
v -0.3866 -2.4154 0.2347
v -0.4180 -2.4154 0.3424
v -0.4680 -2.4154 0.4349
v -0.5331 -2.4154 0.5059
v -0.6089 -2.4154 0.5505
v -0.6902 -2.4154 0.5657
v -0.7715 -2.4154 0.5505
v -0.8473 -2.4154 0.5059
v -0.9124 -2.4154 0.4349
v -0.9624 -2.4154 0.3424
v -0.9938 -2.4154 0.2347
v -1.0045 -2.4154 0.1191
v -0.9938 -2.4154 0.0035
v -0.9624 -2.4154 -0.1042
v -0.9124 -2.4154 -0.1967
v -0.8473 -2.4154 -0.2677
v -0.7715 -2.4154 -0.3123
v -0.6902 -2.4154 -0.3275
v -0.6089 -2.4154 -0.3123
v -0.5331 -2.4154 -0.2677
v -0.4680 -2.4154 -0.1967
v -0.4180 -2.4154 -0.1042
v -0.3866 -2.4154 0.0035
v -0.4004 -2.5308 0.1165
v -0.4105 -2.5308 0.2261
v -0.4403 -2.5308 0.3283
v -0.4876 -2.5308 0.4160
v -0.5494 -2.5308 0.4833
v -0.6213 -2.5308 0.5256
v -0.6984 -2.5308 0.5400
v -0.7755 -2.5308 0.5256
v -0.8474 -2.5308 0.4833
v -0.9091 -2.5308 0.4160
v -0.9565 -2.5308 0.3283
v -0.9863 -2.5308 0.2261
v -0.9964 -2.5308 0.1165
v -0.9863 -2.5308 0.0069
v -0.9565 -2.5308 -0.0952
v -0.9091 -2.5308 -0.1830
v -0.8474 -2.5308 -0.2503
v -0.7755 -2.5308 -0.2926
v -0.6984 -2.5308 -0.3070
v -0.6213 -2.5308 -0.2926
v -0.5494 -2.5308 -0.2503
v -0.4876 -2.5308 -0.1830
v -0.4403 -2.5308 -0.0952
v -0.4105 -2.5308 0.0069
v -0.4251 -2.6462 0.1122
v -0.4347 -2.6462 0.2158
v -0.4629 -2.6462 0.3124
v -0.5077 -2.6462 0.3953
v -0.5660 -2.6462 0.4590
v -0.6340 -2.6462 0.4990
v -0.7069 -2.6462 0.5126
v -0.7798 -2.6462 0.4990
v -0.8478 -2.6462 0.4590
v -0.9062 -2.6462 0.3953
v -0.9509 -2.6462 0.3124
v -0.9791 -2.6462 0.2158
v -0.9887 -2.6462 0.1122
v -0.9791 -2.6462 0.0086
v -0.9509 -2.6462 -0.0880
v -0.9062 -2.6462 -0.1709
v -0.8478 -2.6462 -0.2346
v -0.7798 -2.6462 -0.2746
v -0.7069 -2.6462 -0.2882
v -0.6340 -2.6462 -0.2746
v -0.5660 -2.6462 -0.2346
v -0.5077 -2.6462 -0.1709
v -0.4629 -2.6462 -0.0880
v -0.4347 -2.6462 0.0086
v -0.4502 -2.7615 0.1063
v -0.4593 -2.7615 0.2039
v -0.4858 -2.7615 0.2949
v -0.5280 -2.7615 0.3731
v -0.5830 -2.7615 0.4330
v -0.6470 -2.7615 0.4707
v -0.7158 -2.7615 0.4836
v -0.7845 -2.7615 0.4707
v -0.8485 -2.7615 0.4330
v -0.9035 -2.7615 0.3731
v -0.9457 -2.7615 0.2949
v -0.9722 -2.7615 0.2039
v -0.9813 -2.7615 0.1063
v -0.9722 -2.7615 0.0086
v -0.9457 -2.7615 -0.0824
v -0.9035 -2.7615 -0.1606
v -0.8485 -2.7615 -0.2205
v -0.7845 -2.7615 -0.2582
v -0.7158 -2.7615 -0.2711
v -0.6470 -2.7615 -0.2582
v -0.5830 -2.7615 -0.2205
v -0.5280 -2.7615 -0.1606
v -0.4858 -2.7615 -0.0824
v -0.4593 -2.7615 0.0086
v -0.4757 -2.8769 0.0988
v -0.4842 -2.8769 0.1904
v -0.5091 -2.8769 0.2759
v -0.5487 -2.8769 0.3492
v -0.6003 -2.8769 0.4055
v -0.6604 -2.8769 0.4409
v -0.7249 -2.8769 0.4530
v -0.7895 -2.8769 0.4409
v -0.8496 -2.8769 0.4055
v -0.9012 -2.8769 0.3492
v -0.9408 -2.8769 0.2759
v -0.9657 -2.8769 0.1904
v -0.9742 -2.8769 0.0988
v -0.9657 -2.8769 0.0071
v -0.9408 -2.8769 -0.0784
v -0.9012 -2.8769 -0.1517
v -0.8496 -2.8769 -0.2080
v -0.7895 -2.8769 -0.2434
v -0.7249 -2.8769 -0.2555
v -0.6604 -2.8769 -0.2434
v -0.6003 -2.8769 -0.2080
v -0.5487 -2.8769 -0.1517
v -0.5091 -2.8769 -0.0784
v -0.4842 -2.8769 0.0071
v -0.5014 -2.9923 0.0898
v -0.5094 -2.9923 0.1755
v -0.5326 -2.9923 0.2554
v -0.5697 -2.9923 0.3240
v -0.6179 -2.9923 0.3766
v -0.6741 -2.9923 0.4097
v -0.7344 -2.9923 0.4209
v -0.7947 -2.9923 0.4097
v -0.8509 -2.9923 0.3766
v -0.8992 -2.9923 0.3240
v -0.9362 -2.9923 0.2554
v -0.9595 -2.9923 0.1755
v -0.9674 -2.9923 0.0898
v -0.9595 -2.9923 0.0041
v -0.9362 -2.9923 -0.0757
v -0.8992 -2.9923 -0.1443
v -0.8509 -2.9923 -0.1969
v -0.7947 -2.9923 -0.2300
v -0.7344 -2.9923 -0.2413
v -0.6741 -2.9923 -0.2300
v -0.6179 -2.9923 -0.1969
v -0.5697 -2.9923 -0.1443
v -0.5326 -2.9923 -0.0757
v -0.5094 -2.9923 0.0041
v -0.5275 -3.1077 0.0796
v -0.5348 -3.1077 0.1593
v -0.5565 -3.1077 0.2336
v -0.5909 -3.1077 0.2974
v -0.6358 -3.1077 0.3463
v -0.6881 -3.1077 0.3771
v -0.7442 -3.1077 0.3876
v -0.8003 -3.1077 0.3771
v -0.8526 -3.1077 0.3463
v -0.8975 -3.1077 0.2974
v -0.9319 -3.1077 0.2336
v -0.9536 -3.1077 0.1593
v -0.9610 -3.1077 0.0796
v -0.9536 -3.1077 -0.0001
v -0.9319 -3.1077 -0.0744
v -0.8975 -3.1077 -0.1382
v -0.8526 -3.1077 -0.1872
v -0.8003 -3.1077 -0.2179
v -0.7442 -3.1077 -0.2284
v -0.6881 -3.1077 -0.2179
v -0.6358 -3.1077 -0.1872
v -0.5909 -3.1077 -0.1382
v -0.5565 -3.1077 -0.0744
v -0.5348 -3.1077 -0.0001
v -0.5538 -3.2231 0.0682
v -0.5606 -3.2231 0.1419
v -0.5807 -3.2231 0.2106
v -0.6125 -3.2231 0.2696
v -0.6540 -3.2231 0.3149
v -0.7024 -3.2231 0.3434
v -0.7543 -3.2231 0.3531
v -0.8062 -3.2231 0.3434
v -0.8545 -3.2231 0.3149
v -0.8961 -3.2231 0.2696
v -0.9279 -3.2231 0.2106
v -0.9480 -3.2231 0.1419
v -0.9548 -3.2231 0.0682
v -0.9480 -3.2231 -0.0056
v -0.9279 -3.2231 -0.0743
v -0.8961 -3.2231 -0.1333
v -0.8545 -3.2231 -0.1786
v -0.8062 -3.2231 -0.2070
v -0.7543 -3.2231 -0.2167
v -0.7024 -3.2231 -0.2070
v -0.6540 -3.2231 -0.1786
v -0.6125 -3.2231 -0.1333
v -0.5807 -3.2231 -0.0743
v -0.5606 -3.2231 -0.0056
v -0.5804 -3.3385 0.0558
v -0.5867 -3.3385 0.1235
v -0.6051 -3.3385 0.1867
v -0.6344 -3.3385 0.2409
v -0.6726 -3.3385 0.2825
v -0.7170 -3.3385 0.3087
v -0.7647 -3.3385 0.3176
v -0.8124 -3.3385 0.3087
v -0.8568 -3.3385 0.2825
v -0.8949 -3.3385 0.2409
v -0.9242 -3.3385 0.1867
v -0.9426 -3.3385 0.1235
v -0.9489 -3.3385 0.0558
v -0.9426 -3.3385 -0.0120
v -0.9242 -3.3385 -0.0751
v -0.8949 -3.3385 -0.1294
v -0.8568 -3.3385 -0.1710
v -0.8124 -3.3385 -0.1971
v -0.7647 -3.3385 -0.2060
v -0.7170 -3.3385 -0.1971
v -0.6726 -3.3385 -0.1710
v -0.6344 -3.3385 -0.1294
v -0.6051 -3.3385 -0.0751
v -0.5867 -3.3385 -0.0120
v -0.6074 -3.4538 0.0426
v -0.6131 -3.4538 0.1043
v -0.6299 -3.4538 0.1619
v -0.6566 -3.4538 0.2113
v -0.6913 -3.4538 0.2493
v -0.7319 -3.4538 0.2731
v -0.7753 -3.4538 0.2813
v -0.8188 -3.4538 0.2731
v -0.8593 -3.4538 0.2493
v -0.8941 -3.4538 0.2113
v -0.9208 -3.4538 0.1619
v -0.9376 -3.4538 0.1043
v -0.9433 -3.4538 0.0426
v -0.9376 -3.4538 -0.0192
v -0.9208 -3.4538 -0.0768
v -0.8941 -3.4538 -0.1262
v -0.8593 -3.4538 -0.1642
v -0.8188 -3.4538 -0.1880
v -0.7753 -3.4538 -0.1962
v -0.7319 -3.4538 -0.1880
v -0.6913 -3.4538 -0.1642
v -0.6566 -3.4538 -0.1262
v -0.6299 -3.4538 -0.0768
v -0.6131 -3.4538 -0.0192
v -0.6346 -3.5692 0.0287
v -0.6397 -3.5692 0.0845
v -0.6549 -3.5692 0.1365
v -0.6790 -3.5692 0.1812
v -0.7104 -3.5692 0.2154
v -0.7470 -3.5692 0.2370
v -0.7863 -3.5692 0.2443
v -0.8256 -3.5692 0.2370
v -0.8621 -3.5692 0.2154
v -0.8936 -3.5692 0.1812
v -0.9177 -3.5692 0.1365
v -0.9328 -3.5692 0.0845
v -0.9380 -3.5692 0.0287
v -0.9328 -3.5692 -0.0271
v -0.9177 -3.5692 -0.0791
v -0.8936 -3.5692 -0.1237
v -0.8621 -3.5692 -0.1580
v -0.8256 -3.5692 -0.1795
v -0.7863 -3.5692 -0.1869
v -0.7470 -3.5692 -0.1795
v -0.7104 -3.5692 -0.1580
v -0.6790 -3.5692 -0.1237
v -0.6549 -3.5692 -0.0791
v -0.6397 -3.5692 -0.0271
v -0.6620 -3.6846 0.0145
v -0.6667 -3.6846 0.0643
v -0.6802 -3.6846 0.1107
v -0.7017 -3.6846 0.1506
v -0.7298 -3.6846 0.1812
v -0.7624 -3.6846 0.2004
v -0.7975 -3.6846 0.2070
v -0.8326 -3.6846 0.2004
v -0.8652 -3.6846 0.1812
v -0.8933 -3.6846 0.1506
v -0.9148 -3.6846 0.1107
v -0.9284 -3.6846 0.0643
v -0.9330 -3.6846 0.0145
v -0.9284 -3.6846 -0.0354
v -0.9148 -3.6846 -0.0818
v -0.8933 -3.6846 -0.1217
v -0.8652 -3.6846 -0.1523
v -0.8326 -3.6846 -0.1715
v -0.7975 -3.6846 -0.1780
v -0.7624 -3.6846 -0.1715
v -0.7298 -3.6846 -0.1523
v -0.7017 -3.6846 -0.1217
v -0.6802 -3.6846 -0.0818
v -0.6667 -3.6846 -0.0354
v -0.6898 -3.8000 0.0000
v -0.6938 -3.8000 0.0438
v -0.7058 -3.8000 0.0847
v -0.7247 -3.8000 0.1198
v -0.7494 -3.8000 0.1467
v -0.7781 -3.8000 0.1636
v -0.8090 -3.8000 0.1694
v -0.8399 -3.8000 0.1636
v -0.8686 -3.8000 0.1467
v -0.8933 -3.8000 0.1198
v -0.9122 -3.8000 0.0847
v -0.9242 -3.8000 0.0438
v -0.9282 -3.8000 0.0000
v -0.9242 -3.8000 -0.0438
v -0.9122 -3.8000 -0.0847
v -0.8933 -3.8000 -0.1198
v -0.8686 -3.8000 -0.1467
v -0.8399 -3.8000 -0.1636
v -0.8090 -3.8000 -0.1694
v -0.7781 -3.8000 -0.1636
v -0.7494 -3.8000 -0.1467
v -0.7247 -3.8000 -0.1198
v -0.7058 -3.8000 -0.0847
v -0.6938 -3.8000 -0.0438
v -0.8090 -3.8800 0.0000
v 0.0000 -0.6500 0.0000

g Tooth_Molar
s 1
f 1 2 50
f 1 50 49
f 2 3 51
f 2 51 50
f 3 4 52
f 3 52 51
f 4 5 53
f 4 53 52
f 5 6 54
f 5 54 53
f 6 7 55
f 6 55 54
f 7 8 56
f 7 56 55
f 8 9 57
f 8 57 56
f 9 10 58
f 9 58 57
f 10 11 59
f 10 59 58
f 11 12 60
f 11 60 59
f 12 13 61
f 12 61 60
f 13 14 62
f 13 62 61
f 14 15 63
f 14 63 62
f 15 16 64
f 15 64 63
f 16 17 65
f 16 65 64
f 17 18 66
f 17 66 65
f 18 19 67
f 18 67 66
f 19 20 68
f 19 68 67
f 20 21 69
f 20 69 68
f 21 22 70
f 21 70 69
f 22 23 71
f 22 71 70
f 23 24 72
f 23 72 71
f 24 25 73
f 24 73 72
f 25 26 74
f 25 74 73
f 26 27 75
f 26 75 74
f 27 28 76
f 27 76 75
f 28 29 77
f 28 77 76
f 29 30 78
f 29 78 77
f 30 31 79
f 30 79 78
f 31 32 80
f 31 80 79
f 32 33 81
f 32 81 80
f 33 34 82
f 33 82 81
f 34 35 83
f 34 83 82
f 35 36 84
f 35 84 83
f 36 37 85
f 36 85 84
f 37 38 86
f 37 86 85
f 38 39 87
f 38 87 86
f 39 40 88
f 39 88 87
f 40 41 89
f 40 89 88
f 41 42 90
f 41 90 89
f 42 43 91
f 42 91 90
f 43 44 92
f 43 92 91
f 44 45 93
f 44 93 92
f 45 46 94
f 45 94 93
f 46 47 95
f 46 95 94
f 47 48 96
f 47 96 95
f 48 1 49
f 48 49 96
f 49 50 98
f 49 98 97
f 50 51 99
f 50 99 98
f 51 52 100
f 51 100 99
f 52 53 101
f 52 101 100
f 53 54 102
f 53 102 101
f 54 55 103
f 54 103 102
f 55 56 104
f 55 104 103
f 56 57 105
f 56 105 104
f 57 58 106
f 57 106 105
f 58 59 107
f 58 107 106
f 59 60 108
f 59 108 107
f 60 61 109
f 60 109 108
f 61 62 110
f 61 110 109
f 62 63 111
f 62 111 110
f 63 64 112
f 63 112 111
f 64 65 113
f 64 113 112
f 65 66 114
f 65 114 113
f 66 67 115
f 66 115 114
f 67 68 116
f 67 116 115
f 68 69 117
f 68 117 116
f 69 70 118
f 69 118 117
f 70 71 119
f 70 119 118
f 71 72 120
f 71 120 119
f 72 73 121
f 72 121 120
f 73 74 122
f 73 122 121
f 74 75 123
f 74 123 122
f 75 76 124
f 75 124 123
f 76 77 125
f 76 125 124
f 77 78 126
f 77 126 125
f 78 79 127
f 78 127 126
f 79 80 128
f 79 128 127
f 80 81 129
f 80 129 128
f 81 82 130
f 81 130 129
f 82 83 131
f 82 131 130
f 83 84 132
f 83 132 131
f 84 85 133
f 84 133 132
f 85 86 134
f 85 134 133
f 86 87 135
f 86 135 134
f 87 88 136
f 87 136 135
f 88 89 137
f 88 137 136
f 89 90 138
f 89 138 137
f 90 91 139
f 90 139 138
f 91 92 140
f 91 140 139
f 92 93 141
f 92 141 140
f 93 94 142
f 93 142 141
f 94 95 143
f 94 143 142
f 95 96 144
f 95 144 143
f 96 49 97
f 96 97 144
f 97 98 146
f 97 146 145
f 98 99 147
f 98 147 146
f 99 100 148
f 99 148 147
f 100 101 149
f 100 149 148
f 101 102 150
f 101 150 149
f 102 103 151
f 102 151 150
f 103 104 152
f 103 152 151
f 104 105 153
f 104 153 152
f 105 106 154
f 105 154 153
f 106 107 155
f 106 155 154
f 107 108 156
f 107 156 155
f 108 109 157
f 108 157 156
f 109 110 158
f 109 158 157
f 110 111 159
f 110 159 158
f 111 112 160
f 111 160 159
f 112 113 161
f 112 161 160
f 113 114 162
f 113 162 161
f 114 115 163
f 114 163 162
f 115 116 164
f 115 164 163
f 116 117 165
f 116 165 164
f 117 118 166
f 117 166 165
f 118 119 167
f 118 167 166
f 119 120 168
f 119 168 167
f 120 121 169
f 120 169 168
f 121 122 170
f 121 170 169
f 122 123 171
f 122 171 170
f 123 124 172
f 123 172 171
f 124 125 173
f 124 173 172
f 125 126 174
f 125 174 173
f 126 127 175
f 126 175 174
f 127 128 176
f 127 176 175
f 128 129 177
f 128 177 176
f 129 130 178
f 129 178 177
f 130 131 179
f 130 179 178
f 131 132 180
f 131 180 179
f 132 133 181
f 132 181 180
f 133 134 182
f 133 182 181
f 134 135 183
f 134 183 182
f 135 136 184
f 135 184 183
f 136 137 185
f 136 185 184
f 137 138 186
f 137 186 185
f 138 139 187
f 138 187 186
f 139 140 188
f 139 188 187
f 140 141 189
f 140 189 188
f 141 142 190
f 141 190 189
f 142 143 191
f 142 191 190
f 143 144 192
f 143 192 191
f 144 97 145
f 144 145 192
f 145 146 194
f 145 194 193
f 146 147 195
f 146 195 194
f 147 148 196
f 147 196 195
f 148 149 197
f 148 197 196
f 149 150 198
f 149 198 197
f 150 151 199
f 150 199 198
f 151 152 200
f 151 200 199
f 152 153 201
f 152 201 200
f 153 154 202
f 153 202 201
f 154 155 203
f 154 203 202
f 155 156 204
f 155 204 203
f 156 157 205
f 156 205 204
f 157 158 206
f 157 206 205
f 158 159 207
f 158 207 206
f 159 160 208
f 159 208 207
f 160 161 209
f 160 209 208
f 161 162 210
f 161 210 209
f 162 163 211
f 162 211 210
f 163 164 212
f 163 212 211
f 164 165 213
f 164 213 212
f 165 166 214
f 165 214 213
f 166 167 215
f 166 215 214
f 167 168 216
f 167 216 215
f 168 169 217
f 168 217 216
f 169 170 218
f 169 218 217
f 170 171 219
f 170 219 218
f 171 172 220
f 171 220 219
f 172 173 221
f 172 221 220
f 173 174 222
f 173 222 221
f 174 175 223
f 174 223 222
f 175 176 224
f 175 224 223
f 176 177 225
f 176 225 224
f 177 178 226
f 177 226 225
f 178 179 227
f 178 227 226
f 179 180 228
f 179 228 227
f 180 181 229
f 180 229 228
f 181 182 230
f 181 230 229
f 182 183 231
f 182 231 230
f 183 184 232
f 183 232 231
f 184 185 233
f 184 233 232
f 185 186 234
f 185 234 233
f 186 187 235
f 186 235 234
f 187 188 236
f 187 236 235
f 188 189 237
f 188 237 236
f 189 190 238
f 189 238 237
f 190 191 239
f 190 239 238
f 191 192 240
f 191 240 239
f 192 145 193
f 192 193 240
f 193 194 242
f 193 242 241
f 194 195 243
f 194 243 242
f 195 196 244
f 195 244 243
f 196 197 245
f 196 245 244
f 197 198 246
f 197 246 245
f 198 199 247
f 198 247 246
f 199 200 248
f 199 248 247
f 200 201 249
f 200 249 248
f 201 202 250
f 201 250 249
f 202 203 251
f 202 251 250
f 203 204 252
f 203 252 251
f 204 205 253
f 204 253 252
f 205 206 254
f 205 254 253
f 206 207 255
f 206 255 254
f 207 208 256
f 207 256 255
f 208 209 257
f 208 257 256
f 209 210 258
f 209 258 257
f 210 211 259
f 210 259 258
f 211 212 260
f 211 260 259
f 212 213 261
f 212 261 260
f 213 214 262
f 213 262 261
f 214 215 263
f 214 263 262
f 215 216 264
f 215 264 263
f 216 217 265
f 216 265 264
f 217 218 266
f 217 266 265
f 218 219 267
f 218 267 266
f 219 220 268
f 219 268 267
f 220 221 269
f 220 269 268
f 221 222 270
f 221 270 269
f 222 223 271
f 222 271 270
f 223 224 272
f 223 272 271
f 224 225 273
f 224 273 272
f 225 226 274
f 225 274 273
f 226 227 275
f 226 275 274
f 227 228 276
f 227 276 275
f 228 229 277
f 228 277 276
f 229 230 278
f 229 278 277
f 230 231 279
f 230 279 278
f 231 232 280
f 231 280 279
f 232 233 281
f 232 281 280
f 233 234 282
f 233 282 281
f 234 235 283
f 234 283 282
f 235 236 284
f 235 284 283
f 236 237 285
f 236 285 284
f 237 238 286
f 237 286 285
f 238 239 287
f 238 287 286
f 239 240 288
f 239 288 287
f 240 193 241
f 240 241 288
f 241 242 290
f 241 290 289
f 242 243 291
f 242 291 290
f 243 244 292
f 243 292 291
f 244 245 293
f 244 293 292
f 245 246 294
f 245 294 293
f 246 247 295
f 246 295 294
f 247 248 296
f 247 296 295
f 248 249 297
f 248 297 296
f 249 250 298
f 249 298 297
f 250 251 299
f 250 299 298
f 251 252 300
f 251 300 299
f 252 253 301
f 252 301 300
f 253 254 302
f 253 302 301
f 254 255 303
f 254 303 302
f 255 256 304
f 255 304 303
f 256 257 305
f 256 305 304
f 257 258 306
f 257 306 305
f 258 259 307
f 258 307 306
f 259 260 308
f 259 308 307
f 260 261 309
f 260 309 308
f 261 262 310
f 261 310 309
f 262 263 311
f 262 311 310
f 263 264 312
f 263 312 311
f 264 265 313
f 264 313 312
f 265 266 314
f 265 314 313
f 266 267 315
f 266 315 314
f 267 268 316
f 267 316 315
f 268 269 317
f 268 317 316
f 269 270 318
f 269 318 317
f 270 271 319
f 270 319 318
f 271 272 320
f 271 320 319
f 272 273 321
f 272 321 320
f 273 274 322
f 273 322 321
f 274 275 323
f 274 323 322
f 275 276 324
f 275 324 323
f 276 277 325
f 276 325 324
f 277 278 326
f 277 326 325
f 278 279 327
f 278 327 326
f 279 280 328
f 279 328 327
f 280 281 329
f 280 329 328
f 281 282 330
f 281 330 329
f 282 283 331
f 282 331 330
f 283 284 332
f 283 332 331
f 284 285 333
f 284 333 332
f 285 286 334
f 285 334 333
f 286 287 335
f 286 335 334
f 287 288 336
f 287 336 335
f 288 241 289
f 288 289 336
f 289 290 338
f 289 338 337
f 290 291 339
f 290 339 338
f 291 292 340
f 291 340 339
f 292 293 341
f 292 341 340
f 293 294 342
f 293 342 341
f 294 295 343
f 294 343 342
f 295 296 344
f 295 344 343
f 296 297 345
f 296 345 344
f 297 298 346
f 297 346 345
f 298 299 347
f 298 347 346
f 299 300 348
f 299 348 347
f 300 301 349
f 300 349 348
f 301 302 350
f 301 350 349
f 302 303 351
f 302 351 350
f 303 304 352
f 303 352 351
f 304 305 353
f 304 353 352
f 305 306 354
f 305 354 353
f 306 307 355
f 306 355 354
f 307 308 356
f 307 356 355
f 308 309 357
f 308 357 356
f 309 310 358
f 309 358 357
f 310 311 359
f 310 359 358
f 311 312 360
f 311 360 359
f 312 313 361
f 312 361 360
f 313 314 362
f 313 362 361
f 314 315 363
f 314 363 362
f 315 316 364
f 315 364 363
f 316 317 365
f 316 365 364
f 317 318 366
f 317 366 365
f 318 319 367
f 318 367 366
f 319 320 368
f 319 368 367
f 320 321 369
f 320 369 368
f 321 322 370
f 321 370 369
f 322 323 371
f 322 371 370
f 323 324 372
f 323 372 371
f 324 325 373
f 324 373 372
f 325 326 374
f 325 374 373
f 326 327 375
f 326 375 374
f 327 328 376
f 327 376 375
f 328 329 377
f 328 377 376
f 329 330 378
f 329 378 377
f 330 331 379
f 330 379 378
f 331 332 380
f 331 380 379
f 332 333 381
f 332 381 380
f 333 334 382
f 333 382 381
f 334 335 383
f 334 383 382
f 335 336 384
f 335 384 383
f 336 289 337
f 336 337 384
f 337 338 386
f 337 386 385
f 338 339 387
f 338 387 386
f 339 340 388
f 339 388 387
f 340 341 389
f 340 389 388
f 341 342 390
f 341 390 389
f 342 343 391
f 342 391 390
f 343 344 392
f 343 392 391
f 344 345 393
f 344 393 392
f 345 346 394
f 345 394 393
f 346 347 395
f 346 395 394
f 347 348 396
f 347 396 395
f 348 349 397
f 348 397 396
f 349 350 398
f 349 398 397
f 350 351 399
f 350 399 398
f 351 352 400
f 351 400 399
f 352 353 401
f 352 401 400
f 353 354 402
f 353 402 401
f 354 355 403
f 354 403 402
f 355 356 404
f 355 404 403
f 356 357 405
f 356 405 404
f 357 358 406
f 357 406 405
f 358 359 407
f 358 407 406
f 359 360 408
f 359 408 407
f 360 361 409
f 360 409 408
f 361 362 410
f 361 410 409
f 362 363 411
f 362 411 410
f 363 364 412
f 363 412 411
f 364 365 413
f 364 413 412
f 365 366 414
f 365 414 413
f 366 367 415
f 366 415 414
f 367 368 416
f 367 416 415
f 368 369 417
f 368 417 416
f 369 370 418
f 369 418 417
f 370 371 419
f 370 419 418
f 371 372 420
f 371 420 419
f 372 373 421
f 372 421 420
f 373 374 422
f 373 422 421
f 374 375 423
f 374 423 422
f 375 376 424
f 375 424 423
f 376 377 425
f 376 425 424
f 377 378 426
f 377 426 425
f 378 379 427
f 378 427 426
f 379 380 428
f 379 428 427
f 380 381 429
f 380 429 428
f 381 382 430
f 381 430 429
f 382 383 431
f 382 431 430
f 383 384 432
f 383 432 431
f 384 337 385
f 384 385 432
f 385 386 434
f 385 434 433
f 386 387 435
f 386 435 434
f 387 388 436
f 387 436 435
f 388 389 437
f 388 437 436
f 389 390 438
f 389 438 437
f 390 391 439
f 390 439 438
f 391 392 440
f 391 440 439
f 392 393 441
f 392 441 440
f 393 394 442
f 393 442 441
f 394 395 443
f 394 443 442
f 395 396 444
f 395 444 443
f 396 397 445
f 396 445 444
f 397 398 446
f 397 446 445
f 398 399 447
f 398 447 446
f 399 400 448
f 399 448 447
f 400 401 449
f 400 449 448
f 401 402 450
f 401 450 449
f 402 403 451
f 402 451 450
f 403 404 452
f 403 452 451
f 404 405 453
f 404 453 452
f 405 406 454
f 405 454 453
f 406 407 455
f 406 455 454
f 407 408 456
f 407 456 455
f 408 409 457
f 408 457 456
f 409 410 458
f 409 458 457
f 410 411 459
f 410 459 458
f 411 412 460
f 411 460 459
f 412 413 461
f 412 461 460
f 413 414 462
f 413 462 461
f 414 415 463
f 414 463 462
f 415 416 464
f 415 464 463
f 416 417 465
f 416 465 464
f 417 418 466
f 417 466 465
f 418 419 467
f 418 467 466
f 419 420 468
f 419 468 467
f 420 421 469
f 420 469 468
f 421 422 470
f 421 470 469
f 422 423 471
f 422 471 470
f 423 424 472
f 423 472 471
f 424 425 473
f 424 473 472
f 425 426 474
f 425 474 473
f 426 427 475
f 426 475 474
f 427 428 476
f 427 476 475
f 428 429 477
f 428 477 476
f 429 430 478
f 429 478 477
f 430 431 479
f 430 479 478
f 431 432 480
f 431 480 479
f 432 385 433
f 432 433 480
f 433 434 482
f 433 482 481
f 434 435 483
f 434 483 482
f 435 436 484
f 435 484 483
f 436 437 485
f 436 485 484
f 437 438 486
f 437 486 485
f 438 439 487
f 438 487 486
f 439 440 488
f 439 488 487
f 440 441 489
f 440 489 488
f 441 442 490
f 441 490 489
f 442 443 491
f 442 491 490
f 443 444 492
f 443 492 491
f 444 445 493
f 444 493 492
f 445 446 494
f 445 494 493
f 446 447 495
f 446 495 494
f 447 448 496
f 447 496 495
f 448 449 497
f 448 497 496
f 449 450 498
f 449 498 497
f 450 451 499
f 450 499 498
f 451 452 500
f 451 500 499
f 452 453 501
f 452 501 500
f 453 454 502
f 453 502 501
f 454 455 503
f 454 503 502
f 455 456 504
f 455 504 503
f 456 457 505
f 456 505 504
f 457 458 506
f 457 506 505
f 458 459 507
f 458 507 506
f 459 460 508
f 459 508 507
f 460 461 509
f 460 509 508
f 461 462 510
f 461 510 509
f 462 463 511
f 462 511 510
f 463 464 512
f 463 512 511
f 464 465 513
f 464 513 512
f 465 466 514
f 465 514 513
f 466 467 515
f 466 515 514
f 467 468 516
f 467 516 515
f 468 469 517
f 468 517 516
f 469 470 518
f 469 518 517
f 470 471 519
f 470 519 518
f 471 472 520
f 471 520 519
f 472 473 521
f 472 521 520
f 473 474 522
f 473 522 521
f 474 475 523
f 474 523 522
f 475 476 524
f 475 524 523
f 476 477 525
f 476 525 524
f 477 478 526
f 477 526 525
f 478 479 527
f 478 527 526
f 479 480 528
f 479 528 527
f 480 433 481
f 480 481 528
f 481 482 530
f 481 530 529
f 482 483 531
f 482 531 530
f 483 484 532
f 483 532 531
f 484 485 533
f 484 533 532
f 485 486 534
f 485 534 533
f 486 487 535
f 486 535 534
f 487 488 536
f 487 536 535
f 488 489 537
f 488 537 536
f 489 490 538
f 489 538 537
f 490 491 539
f 490 539 538
f 491 492 540
f 491 540 539
f 492 493 541
f 492 541 540
f 493 494 542
f 493 542 541
f 494 495 543
f 494 543 542
f 495 496 544
f 495 544 543
f 496 497 545
f 496 545 544
f 497 498 546
f 497 546 545
f 498 499 547
f 498 547 546
f 499 500 548
f 499 548 547
f 500 501 549
f 500 549 548
f 501 502 550
f 501 550 549
f 502 503 551
f 502 551 550
f 503 504 552
f 503 552 551
f 504 505 553
f 504 553 552
f 505 506 554
f 505 554 553
f 506 507 555
f 506 555 554
f 507 508 556
f 507 556 555
f 508 509 557
f 508 557 556
f 509 510 558
f 509 558 557
f 510 511 559
f 510 559 558
f 511 512 560
f 511 560 559
f 512 513 561
f 512 561 560
f 513 514 562
f 513 562 561
f 514 515 563
f 514 563 562
f 515 516 564
f 515 564 563
f 516 517 565
f 516 565 564
f 517 518 566
f 517 566 565
f 518 519 567
f 518 567 566
f 519 520 568
f 519 568 567
f 520 521 569
f 520 569 568
f 521 522 570
f 521 570 569
f 522 523 571
f 522 571 570
f 523 524 572
f 523 572 571
f 524 525 573
f 524 573 572
f 525 526 574
f 525 574 573
f 526 527 575
f 526 575 574
f 527 528 576
f 527 576 575
f 528 481 529
f 528 529 576
f 529 530 578
f 529 578 577
f 530 531 579
f 530 579 578
f 531 532 580
f 531 580 579
f 532 533 581
f 532 581 580
f 533 534 582
f 533 582 581
f 534 535 583
f 534 583 582
f 535 536 584
f 535 584 583
f 536 537 585
f 536 585 584
f 537 538 586
f 537 586 585
f 538 539 587
f 538 587 586
f 539 540 588
f 539 588 587
f 540 541 589
f 540 589 588
f 541 542 590
f 541 590 589
f 542 543 591
f 542 591 590
f 543 544 592
f 543 592 591
f 544 545 593
f 544 593 592
f 545 546 594
f 545 594 593
f 546 547 595
f 546 595 594
f 547 548 596
f 547 596 595
f 548 549 597
f 548 597 596
f 549 550 598
f 549 598 597
f 550 551 599
f 550 599 598
f 551 552 600
f 551 600 599
f 552 553 601
f 552 601 600
f 553 554 602
f 553 602 601
f 554 555 603
f 554 603 602
f 555 556 604
f 555 604 603
f 556 557 605
f 556 605 604
f 557 558 606
f 557 606 605
f 558 559 607
f 558 607 606
f 559 560 608
f 559 608 607
f 560 561 609
f 560 609 608
f 561 562 610
f 561 610 609
f 562 563 611
f 562 611 610
f 563 564 612
f 563 612 611
f 564 565 613
f 564 613 612
f 565 566 614
f 565 614 613
f 566 567 615
f 566 615 614
f 567 568 616
f 567 616 615
f 568 569 617
f 568 617 616
f 569 570 618
f 569 618 617
f 570 571 619
f 570 619 618
f 571 572 620
f 571 620 619
f 572 573 621
f 572 621 620
f 573 574 622
f 573 622 621
f 574 575 623
f 574 623 622
f 575 576 624
f 575 624 623
f 576 529 577
f 576 577 624
f 577 578 626
f 577 626 625
f 578 579 627
f 578 627 626
f 579 580 628
f 579 628 627
f 580 581 629
f 580 629 628
f 581 582 630
f 581 630 629
f 582 583 631
f 582 631 630
f 583 584 632
f 583 632 631
f 584 585 633
f 584 633 632
f 585 586 634
f 585 634 633
f 586 587 635
f 586 635 634
f 587 588 636
f 587 636 635
f 588 589 637
f 588 637 636
f 589 590 638
f 589 638 637
f 590 591 639
f 590 639 638
f 591 592 640
f 591 640 639
f 592 593 641
f 592 641 640
f 593 594 642
f 593 642 641
f 594 595 643
f 594 643 642
f 595 596 644
f 595 644 643
f 596 597 645
f 596 645 644
f 597 598 646
f 597 646 645
f 598 599 647
f 598 647 646
f 599 600 648
f 599 648 647
f 600 601 649
f 600 649 648
f 601 602 650
f 601 650 649
f 602 603 651
f 602 651 650
f 603 604 652
f 603 652 651
f 604 605 653
f 604 653 652
f 605 606 654
f 605 654 653
f 606 607 655
f 606 655 654
f 607 608 656
f 607 656 655
f 608 609 657
f 608 657 656
f 609 610 658
f 609 658 657
f 610 611 659
f 610 659 658
f 611 612 660
f 611 660 659
f 612 613 661
f 612 661 660
f 613 614 662
f 613 662 661
f 614 615 663
f 614 663 662
f 615 616 664
f 615 664 663
f 616 617 665
f 616 665 664
f 617 618 666
f 617 666 665
f 618 619 667
f 618 667 666
f 619 620 668
f 619 668 667
f 620 621 669
f 620 669 668
f 621 622 670
f 621 670 669
f 622 623 671
f 622 671 670
f 623 624 672
f 623 672 671
f 624 577 625
f 624 625 672
f 625 626 674
f 625 674 673
f 626 627 675
f 626 675 674
f 627 628 676
f 627 676 675
f 628 629 677
f 628 677 676
f 629 630 678
f 629 678 677
f 630 631 679
f 630 679 678
f 631 632 680
f 631 680 679
f 632 633 681
f 632 681 680
f 633 634 682
f 633 682 681
f 634 635 683
f 634 683 682
f 635 636 684
f 635 684 683
f 636 637 685
f 636 685 684
f 637 638 686
f 637 686 685
f 638 639 687
f 638 687 686
f 639 640 688
f 639 688 687
f 640 641 689
f 640 689 688
f 641 642 690
f 641 690 689
f 642 643 691
f 642 691 690
f 643 644 692
f 643 692 691
f 644 645 693
f 644 693 692
f 645 646 694
f 645 694 693
f 646 647 695
f 646 695 694
f 647 648 696
f 647 696 695
f 648 649 697
f 648 697 696
f 649 650 698
f 649 698 697
f 650 651 699
f 650 699 698
f 651 652 700
f 651 700 699
f 652 653 701
f 652 701 700
f 653 654 702
f 653 702 701
f 654 655 703
f 654 703 702
f 655 656 704
f 655 704 703
f 656 657 705
f 656 705 704
f 657 658 706
f 657 706 705
f 658 659 707
f 658 707 706
f 659 660 708
f 659 708 707
f 660 661 709
f 660 709 708
f 661 662 710
f 661 710 709
f 662 663 711
f 662 711 710
f 663 664 712
f 663 712 711
f 664 665 713
f 664 713 712
f 665 666 714
f 665 714 713
f 666 667 715
f 666 715 714
f 667 668 716
f 667 716 715
f 668 669 717
f 668 717 716
f 669 670 718
f 669 718 717
f 670 671 719
f 670 719 718
f 671 672 720
f 671 720 719
f 672 625 673
f 672 673 720
f 673 674 722
f 673 722 721
f 674 675 723
f 674 723 722
f 675 676 724
f 675 724 723
f 676 677 725
f 676 725 724
f 677 678 726
f 677 726 725
f 678 679 727
f 678 727 726
f 679 680 728
f 679 728 727
f 680 681 729
f 680 729 728
f 681 682 730
f 681 730 729
f 682 683 731
f 682 731 730
f 683 684 732
f 683 732 731
f 684 685 733
f 684 733 732
f 685 686 734
f 685 734 733
f 686 687 735
f 686 735 734
f 687 688 736
f 687 736 735
f 688 689 737
f 688 737 736
f 689 690 738
f 689 738 737
f 690 691 739
f 690 739 738
f 691 692 740
f 691 740 739
f 692 693 741
f 692 741 740
f 693 694 742
f 693 742 741
f 694 695 743
f 694 743 742
f 695 696 744
f 695 744 743
f 696 697 745
f 696 745 744
f 697 698 746
f 697 746 745
f 698 699 747
f 698 747 746
f 699 700 748
f 699 748 747
f 700 701 749
f 700 749 748
f 701 702 750
f 701 750 749
f 702 703 751
f 702 751 750
f 703 704 752
f 703 752 751
f 704 705 753
f 704 753 752
f 705 706 754
f 705 754 753
f 706 707 755
f 706 755 754
f 707 708 756
f 707 756 755
f 708 709 757
f 708 757 756
f 709 710 758
f 709 758 757
f 710 711 759
f 710 759 758
f 711 712 760
f 711 760 759
f 712 713 761
f 712 761 760
f 713 714 762
f 713 762 761
f 714 715 763
f 714 763 762
f 715 716 764
f 715 764 763
f 716 717 765
f 716 765 764
f 717 718 766
f 717 766 765
f 718 719 767
f 718 767 766
f 719 720 768
f 719 768 767
f 720 673 721
f 720 721 768
f 721 722 770
f 721 770 769
f 722 723 771
f 722 771 770
f 723 724 772
f 723 772 771
f 724 725 773
f 724 773 772
f 725 726 774
f 725 774 773
f 726 727 775
f 726 775 774
f 727 728 776
f 727 776 775
f 728 729 777
f 728 777 776
f 729 730 778
f 729 778 777
f 730 731 779
f 730 779 778
f 731 732 780
f 731 780 779
f 732 733 781
f 732 781 780
f 733 734 782
f 733 782 781
f 734 735 783
f 734 783 782
f 735 736 784
f 735 784 783
f 736 737 785
f 736 785 784
f 737 738 786
f 737 786 785
f 738 739 787
f 738 787 786
f 739 740 788
f 739 788 787
f 740 741 789
f 740 789 788
f 741 742 790
f 741 790 789
f 742 743 791
f 742 791 790
f 743 744 792
f 743 792 791
f 744 745 793
f 744 793 792
f 745 746 794
f 745 794 793
f 746 747 795
f 746 795 794
f 747 748 796
f 747 796 795
f 748 749 797
f 748 797 796
f 749 750 798
f 749 798 797
f 750 751 799
f 750 799 798
f 751 752 800
f 751 800 799
f 752 753 801
f 752 801 800
f 753 754 802
f 753 802 801
f 754 755 803
f 754 803 802
f 755 756 804
f 755 804 803
f 756 757 805
f 756 805 804
f 757 758 806
f 757 806 805
f 758 759 807
f 758 807 806
f 759 760 808
f 759 808 807
f 760 761 809
f 760 809 808
f 761 762 810
f 761 810 809
f 762 763 811
f 762 811 810
f 763 764 812
f 763 812 811
f 764 765 813
f 764 813 812
f 765 766 814
f 765 814 813
f 766 767 815
f 766 815 814
f 767 768 816
f 767 816 815
f 768 721 769
f 768 769 816
f 769 770 818
f 769 818 817
f 770 771 819
f 770 819 818
f 771 772 820
f 771 820 819
f 772 773 821
f 772 821 820
f 773 774 822
f 773 822 821
f 774 775 823
f 774 823 822
f 775 776 824
f 775 824 823
f 776 777 825
f 776 825 824
f 777 778 826
f 777 826 825
f 778 779 827
f 778 827 826
f 779 780 828
f 779 828 827
f 780 781 829
f 780 829 828
f 781 782 830
f 781 830 829
f 782 783 831
f 782 831 830
f 783 784 832
f 783 832 831
f 784 785 833
f 784 833 832
f 785 786 834
f 785 834 833
f 786 787 835
f 786 835 834
f 787 788 836
f 787 836 835
f 788 789 837
f 788 837 836
f 789 790 838
f 789 838 837
f 790 791 839
f 790 839 838
f 791 792 840
f 791 840 839
f 792 793 841
f 792 841 840
f 793 794 842
f 793 842 841
f 794 795 843
f 794 843 842
f 795 796 844
f 795 844 843
f 796 797 845
f 796 845 844
f 797 798 846
f 797 846 845
f 798 799 847
f 798 847 846
f 799 800 848
f 799 848 847
f 800 801 849
f 800 849 848
f 801 802 850
f 801 850 849
f 802 803 851
f 802 851 850
f 803 804 852
f 803 852 851
f 804 805 853
f 804 853 852
f 805 806 854
f 805 854 853
f 806 807 855
f 806 855 854
f 807 808 856
f 807 856 855
f 808 809 857
f 808 857 856
f 809 810 858
f 809 858 857
f 810 811 859
f 810 859 858
f 811 812 860
f 811 860 859
f 812 813 861
f 812 861 860
f 813 814 862
f 813 862 861
f 814 815 863
f 814 863 862
f 815 816 864
f 815 864 863
f 816 769 817
f 816 817 864
f 817 818 866
f 817 866 865
f 818 819 867
f 818 867 866
f 819 820 868
f 819 868 867
f 820 821 869
f 820 869 868
f 821 822 870
f 821 870 869
f 822 823 871
f 822 871 870
f 823 824 872
f 823 872 871
f 824 825 873
f 824 873 872
f 825 826 874
f 825 874 873
f 826 827 875
f 826 875 874
f 827 828 876
f 827 876 875
f 828 829 877
f 828 877 876
f 829 830 878
f 829 878 877
f 830 831 879
f 830 879 878
f 831 832 880
f 831 880 879
f 832 833 881
f 832 881 880
f 833 834 882
f 833 882 881
f 834 835 883
f 834 883 882
f 835 836 884
f 835 884 883
f 836 837 885
f 836 885 884
f 837 838 886
f 837 886 885
f 838 839 887
f 838 887 886
f 839 840 888
f 839 888 887
f 840 841 889
f 840 889 888
f 841 842 890
f 841 890 889
f 842 843 891
f 842 891 890
f 843 844 892
f 843 892 891
f 844 845 893
f 844 893 892
f 845 846 894
f 845 894 893
f 846 847 895
f 846 895 894
f 847 848 896
f 847 896 895
f 848 849 897
f 848 897 896
f 849 850 898
f 849 898 897
f 850 851 899
f 850 899 898
f 851 852 900
f 851 900 899
f 852 853 901
f 852 901 900
f 853 854 902
f 853 902 901
f 854 855 903
f 854 903 902
f 855 856 904
f 855 904 903
f 856 857 905
f 856 905 904
f 857 858 906
f 857 906 905
f 858 859 907
f 858 907 906
f 859 860 908
f 859 908 907
f 860 861 909
f 860 909 908
f 861 862 910
f 861 910 909
f 862 863 911
f 862 911 910
f 863 864 912
f 863 912 911
f 864 817 865
f 864 865 912
f 865 866 914
f 865 914 913
f 866 867 915
f 866 915 914
f 867 868 916
f 867 916 915
f 868 869 917
f 868 917 916
f 869 870 918
f 869 918 917
f 870 871 919
f 870 919 918
f 871 872 920
f 871 920 919
f 872 873 921
f 872 921 920
f 873 874 922
f 873 922 921
f 874 875 923
f 874 923 922
f 875 876 924
f 875 924 923
f 876 877 925
f 876 925 924
f 877 878 926
f 877 926 925
f 878 879 927
f 878 927 926
f 879 880 928
f 879 928 927
f 880 881 929
f 880 929 928
f 881 882 930
f 881 930 929
f 882 883 931
f 882 931 930
f 883 884 932
f 883 932 931
f 884 885 933
f 884 933 932
f 885 886 934
f 885 934 933
f 886 887 935
f 886 935 934
f 887 888 936
f 887 936 935
f 888 889 937
f 888 937 936
f 889 890 938
f 889 938 937
f 890 891 939
f 890 939 938
f 891 892 940
f 891 940 939
f 892 893 941
f 892 941 940
f 893 894 942
f 893 942 941
f 894 895 943
f 894 943 942
f 895 896 944
f 895 944 943
f 896 897 945
f 896 945 944
f 897 898 946
f 897 946 945
f 898 899 947
f 898 947 946
f 899 900 948
f 899 948 947
f 900 901 949
f 900 949 948
f 901 902 950
f 901 950 949
f 902 903 951
f 902 951 950
f 903 904 952
f 903 952 951
f 904 905 953
f 904 953 952
f 905 906 954
f 905 954 953
f 906 907 955
f 906 955 954
f 907 908 956
f 907 956 955
f 908 909 957
f 908 957 956
f 909 910 958
f 909 958 957
f 910 911 959
f 910 959 958
f 911 912 960
f 911 960 959
f 912 865 913
f 912 913 960
f 913 914 962
f 913 962 961
f 914 915 963
f 914 963 962
f 915 916 964
f 915 964 963
f 916 917 965
f 916 965 964
f 917 918 966
f 917 966 965
f 918 919 967
f 918 967 966
f 919 920 968
f 919 968 967
f 920 921 969
f 920 969 968
f 921 922 970
f 921 970 969
f 922 923 971
f 922 971 970
f 923 924 972
f 923 972 971
f 924 925 973
f 924 973 972
f 925 926 974
f 925 974 973
f 926 927 975
f 926 975 974
f 927 928 976
f 927 976 975
f 928 929 977
f 928 977 976
f 929 930 978
f 929 978 977
f 930 931 979
f 930 979 978
f 931 932 980
f 931 980 979
f 932 933 981
f 932 981 980
f 933 934 982
f 933 982 981
f 934 935 983
f 934 983 982
f 935 936 984
f 935 984 983
f 936 937 985
f 936 985 984
f 937 938 986
f 937 986 985
f 938 939 987
f 938 987 986
f 939 940 988
f 939 988 987
f 940 941 989
f 940 989 988
f 941 942 990
f 941 990 989
f 942 943 991
f 942 991 990
f 943 944 992
f 943 992 991
f 944 945 993
f 944 993 992
f 945 946 994
f 945 994 993
f 946 947 995
f 946 995 994
f 947 948 996
f 947 996 995
f 948 949 997
f 948 997 996
f 949 950 998
f 949 998 997
f 950 951 999
f 950 999 998
f 951 952 1000
f 951 1000 999
f 952 953 1001
f 952 1001 1000
f 953 954 1002
f 953 1002 1001
f 954 955 1003
f 954 1003 1002
f 955 956 1004
f 955 1004 1003
f 956 957 1005
f 956 1005 1004
f 957 958 1006
f 957 1006 1005
f 958 959 1007
f 958 1007 1006
f 959 960 1008
f 959 1008 1007
f 960 913 961
f 960 961 1008
f 961 962 1010
f 961 1010 1009
f 962 963 1011
f 962 1011 1010
f 963 964 1012
f 963 1012 1011
f 964 965 1013
f 964 1013 1012
f 965 966 1014
f 965 1014 1013
f 966 967 1015
f 966 1015 1014
f 967 968 1016
f 967 1016 1015
f 968 969 1017
f 968 1017 1016
f 969 970 1018
f 969 1018 1017
f 970 971 1019
f 970 1019 1018
f 971 972 1020
f 971 1020 1019
f 972 973 1021
f 972 1021 1020
f 973 974 1022
f 973 1022 1021
f 974 975 1023
f 974 1023 1022
f 975 976 1024
f 975 1024 1023
f 976 977 1025
f 976 1025 1024
f 977 978 1026
f 977 1026 1025
f 978 979 1027
f 978 1027 1026
f 979 980 1028
f 979 1028 1027
f 980 981 1029
f 980 1029 1028
f 981 982 1030
f 981 1030 1029
f 982 983 1031
f 982 1031 1030
f 983 984 1032
f 983 1032 1031
f 984 985 1033
f 984 1033 1032
f 985 986 1034
f 985 1034 1033
f 986 987 1035
f 986 1035 1034
f 987 988 1036
f 987 1036 1035
f 988 989 1037
f 988 1037 1036
f 989 990 1038
f 989 1038 1037
f 990 991 1039
f 990 1039 1038
f 991 992 1040
f 991 1040 1039
f 992 993 1041
f 992 1041 1040
f 993 994 1042
f 993 1042 1041
f 994 995 1043
f 994 1043 1042
f 995 996 1044
f 995 1044 1043
f 996 997 1045
f 996 1045 1044
f 997 998 1046
f 997 1046 1045
f 998 999 1047
f 998 1047 1046
f 999 1000 1048
f 999 1048 1047
f 1000 1001 1049
f 1000 1049 1048
f 1001 1002 1050
f 1001 1050 1049
f 1002 1003 1051
f 1002 1051 1050
f 1003 1004 1052
f 1003 1052 1051
f 1004 1005 1053
f 1004 1053 1052
f 1005 1006 1054
f 1005 1054 1053
f 1006 1007 1055
f 1006 1055 1054
f 1007 1008 1056
f 1007 1056 1055
f 1008 961 1009
f 1008 1009 1056
f 1009 1010 1058
f 1009 1058 1057
f 1010 1011 1059
f 1010 1059 1058
f 1011 1012 1060
f 1011 1060 1059
f 1012 1013 1061
f 1012 1061 1060
f 1013 1014 1062
f 1013 1062 1061
f 1014 1015 1063
f 1014 1063 1062
f 1015 1016 1064
f 1015 1064 1063
f 1016 1017 1065
f 1016 1065 1064
f 1017 1018 1066
f 1017 1066 1065
f 1018 1019 1067
f 1018 1067 1066
f 1019 1020 1068
f 1019 1068 1067
f 1020 1021 1069
f 1020 1069 1068
f 1021 1022 1070
f 1021 1070 1069
f 1022 1023 1071
f 1022 1071 1070
f 1023 1024 1072
f 1023 1072 1071
f 1024 1025 1073
f 1024 1073 1072
f 1025 1026 1074
f 1025 1074 1073
f 1026 1027 1075
f 1026 1075 1074
f 1027 1028 1076
f 1027 1076 1075
f 1028 1029 1077
f 1028 1077 1076
f 1029 1030 1078
f 1029 1078 1077
f 1030 1031 1079
f 1030 1079 1078
f 1031 1032 1080
f 1031 1080 1079
f 1032 1033 1081
f 1032 1081 1080
f 1033 1034 1082
f 1033 1082 1081
f 1034 1035 1083
f 1034 1083 1082
f 1035 1036 1084
f 1035 1084 1083
f 1036 1037 1085
f 1036 1085 1084
f 1037 1038 1086
f 1037 1086 1085
f 1038 1039 1087
f 1038 1087 1086
f 1039 1040 1088
f 1039 1088 1087
f 1040 1041 1089
f 1040 1089 1088
f 1041 1042 1090
f 1041 1090 1089
f 1042 1043 1091
f 1042 1091 1090
f 1043 1044 1092
f 1043 1092 1091
f 1044 1045 1093
f 1044 1093 1092
f 1045 1046 1094
f 1045 1094 1093
f 1046 1047 1095
f 1046 1095 1094
f 1047 1048 1096
f 1047 1096 1095
f 1048 1049 1097
f 1048 1097 1096
f 1049 1050 1098
f 1049 1098 1097
f 1050 1051 1099
f 1050 1099 1098
f 1051 1052 1100
f 1051 1100 1099
f 1052 1053 1101
f 1052 1101 1100
f 1053 1054 1102
f 1053 1102 1101
f 1054 1055 1103
f 1054 1103 1102
f 1055 1056 1104
f 1055 1104 1103
f 1056 1009 1057
f 1056 1057 1104
f 1057 1058 1106
f 1057 1106 1105
f 1058 1059 1107
f 1058 1107 1106
f 1059 1060 1108
f 1059 1108 1107
f 1060 1061 1109
f 1060 1109 1108
f 1061 1062 1110
f 1061 1110 1109
f 1062 1063 1111
f 1062 1111 1110
f 1063 1064 1112
f 1063 1112 1111
f 1064 1065 1113
f 1064 1113 1112
f 1065 1066 1114
f 1065 1114 1113
f 1066 1067 1115
f 1066 1115 1114
f 1067 1068 1116
f 1067 1116 1115
f 1068 1069 1117
f 1068 1117 1116
f 1069 1070 1118
f 1069 1118 1117
f 1070 1071 1119
f 1070 1119 1118
f 1071 1072 1120
f 1071 1120 1119
f 1072 1073 1121
f 1072 1121 1120
f 1073 1074 1122
f 1073 1122 1121
f 1074 1075 1123
f 1074 1123 1122
f 1075 1076 1124
f 1075 1124 1123
f 1076 1077 1125
f 1076 1125 1124
f 1077 1078 1126
f 1077 1126 1125
f 1078 1079 1127
f 1078 1127 1126
f 1079 1080 1128
f 1079 1128 1127
f 1080 1081 1129
f 1080 1129 1128
f 1081 1082 1130
f 1081 1130 1129
f 1082 1083 1131
f 1082 1131 1130
f 1083 1084 1132
f 1083 1132 1131
f 1084 1085 1133
f 1084 1133 1132
f 1085 1086 1134
f 1085 1134 1133
f 1086 1087 1135
f 1086 1135 1134
f 1087 1088 1136
f 1087 1136 1135
f 1088 1089 1137
f 1088 1137 1136
f 1089 1090 1138
f 1089 1138 1137
f 1090 1091 1139
f 1090 1139 1138
f 1091 1092 1140
f 1091 1140 1139
f 1092 1093 1141
f 1092 1141 1140
f 1093 1094 1142
f 1093 1142 1141
f 1094 1095 1143
f 1094 1143 1142
f 1095 1096 1144
f 1095 1144 1143
f 1096 1097 1145
f 1096 1145 1144
f 1097 1098 1146
f 1097 1146 1145
f 1098 1099 1147
f 1098 1147 1146
f 1099 1100 1148
f 1099 1148 1147
f 1100 1101 1149
f 1100 1149 1148
f 1101 1102 1150
f 1101 1150 1149
f 1102 1103 1151
f 1102 1151 1150
f 1103 1104 1152
f 1103 1152 1151
f 1104 1057 1105
f 1104 1105 1152
f 1105 1106 1154
f 1105 1154 1153
f 1106 1107 1155
f 1106 1155 1154
f 1107 1108 1156
f 1107 1156 1155
f 1108 1109 1157
f 1108 1157 1156
f 1109 1110 1158
f 1109 1158 1157
f 1110 1111 1159
f 1110 1159 1158
f 1111 1112 1160
f 1111 1160 1159
f 1112 1113 1161
f 1112 1161 1160
f 1113 1114 1162
f 1113 1162 1161
f 1114 1115 1163
f 1114 1163 1162
f 1115 1116 1164
f 1115 1164 1163
f 1116 1117 1165
f 1116 1165 1164
f 1117 1118 1166
f 1117 1166 1165
f 1118 1119 1167
f 1118 1167 1166
f 1119 1120 1168
f 1119 1168 1167
f 1120 1121 1169
f 1120 1169 1168
f 1121 1122 1170
f 1121 1170 1169
f 1122 1123 1171
f 1122 1171 1170
f 1123 1124 1172
f 1123 1172 1171
f 1124 1125 1173
f 1124 1173 1172
f 1125 1126 1174
f 1125 1174 1173
f 1126 1127 1175
f 1126 1175 1174
f 1127 1128 1176
f 1127 1176 1175
f 1128 1129 1177
f 1128 1177 1176
f 1129 1130 1178
f 1129 1178 1177
f 1130 1131 1179
f 1130 1179 1178
f 1131 1132 1180
f 1131 1180 1179
f 1132 1133 1181
f 1132 1181 1180
f 1133 1134 1182
f 1133 1182 1181
f 1134 1135 1183
f 1134 1183 1182
f 1135 1136 1184
f 1135 1184 1183
f 1136 1137 1185
f 1136 1185 1184
f 1137 1138 1186
f 1137 1186 1185
f 1138 1139 1187
f 1138 1187 1186
f 1139 1140 1188
f 1139 1188 1187
f 1140 1141 1189
f 1140 1189 1188
f 1141 1142 1190
f 1141 1190 1189
f 1142 1143 1191
f 1142 1191 1190
f 1143 1144 1192
f 1143 1192 1191
f 1144 1145 1193
f 1144 1193 1192
f 1145 1146 1194
f 1145 1194 1193
f 1146 1147 1195
f 1146 1195 1194
f 1147 1148 1196
f 1147 1196 1195
f 1148 1149 1197
f 1148 1197 1196
f 1149 1150 1198
f 1149 1198 1197
f 1150 1151 1199
f 1150 1199 1198
f 1151 1152 1200
f 1151 1200 1199
f 1152 1105 1153
f 1152 1153 1200
f 1153 1154 1202
f 1153 1202 1201
f 1154 1155 1203
f 1154 1203 1202
f 1155 1156 1204
f 1155 1204 1203
f 1156 1157 1205
f 1156 1205 1204
f 1157 1158 1206
f 1157 1206 1205
f 1158 1159 1207
f 1158 1207 1206
f 1159 1160 1208
f 1159 1208 1207
f 1160 1161 1209
f 1160 1209 1208
f 1161 1162 1210
f 1161 1210 1209
f 1162 1163 1211
f 1162 1211 1210
f 1163 1164 1212
f 1163 1212 1211
f 1164 1165 1213
f 1164 1213 1212
f 1165 1166 1214
f 1165 1214 1213
f 1166 1167 1215
f 1166 1215 1214
f 1167 1168 1216
f 1167 1216 1215
f 1168 1169 1217
f 1168 1217 1216
f 1169 1170 1218
f 1169 1218 1217
f 1170 1171 1219
f 1170 1219 1218
f 1171 1172 1220
f 1171 1220 1219
f 1172 1173 1221
f 1172 1221 1220
f 1173 1174 1222
f 1173 1222 1221
f 1174 1175 1223
f 1174 1223 1222
f 1175 1176 1224
f 1175 1224 1223
f 1176 1177 1225
f 1176 1225 1224
f 1177 1178 1226
f 1177 1226 1225
f 1178 1179 1227
f 1178 1227 1226
f 1179 1180 1228
f 1179 1228 1227
f 1180 1181 1229
f 1180 1229 1228
f 1181 1182 1230
f 1181 1230 1229
f 1182 1183 1231
f 1182 1231 1230
f 1183 1184 1232
f 1183 1232 1231
f 1184 1185 1233
f 1184 1233 1232
f 1185 1186 1234
f 1185 1234 1233
f 1186 1187 1235
f 1186 1235 1234
f 1187 1188 1236
f 1187 1236 1235
f 1188 1189 1237
f 1188 1237 1236
f 1189 1190 1238
f 1189 1238 1237
f 1190 1191 1239
f 1190 1239 1238
f 1191 1192 1240
f 1191 1240 1239
f 1192 1193 1241
f 1192 1241 1240
f 1193 1194 1242
f 1193 1242 1241
f 1194 1195 1243
f 1194 1243 1242
f 1195 1196 1244
f 1195 1244 1243
f 1196 1197 1245
f 1196 1245 1244
f 1197 1198 1246
f 1197 1246 1245
f 1198 1199 1247
f 1198 1247 1246
f 1199 1200 1248
f 1199 1248 1247
f 1200 1153 1201
f 1200 1201 1248
f 1201 1202 1250
f 1201 1250 1249
f 1202 1203 1251
f 1202 1251 1250
f 1203 1204 1252
f 1203 1252 1251
f 1204 1205 1253
f 1204 1253 1252
f 1205 1206 1254
f 1205 1254 1253
f 1206 1207 1255
f 1206 1255 1254
f 1207 1208 1256
f 1207 1256 1255
f 1208 1209 1257
f 1208 1257 1256
f 1209 1210 1258
f 1209 1258 1257
f 1210 1211 1259
f 1210 1259 1258
f 1211 1212 1260
f 1211 1260 1259
f 1212 1213 1261
f 1212 1261 1260
f 1213 1214 1262
f 1213 1262 1261
f 1214 1215 1263
f 1214 1263 1262
f 1215 1216 1264
f 1215 1264 1263
f 1216 1217 1265
f 1216 1265 1264
f 1217 1218 1266
f 1217 1266 1265
f 1218 1219 1267
f 1218 1267 1266
f 1219 1220 1268
f 1219 1268 1267
f 1220 1221 1269
f 1220 1269 1268
f 1221 1222 1270
f 1221 1270 1269
f 1222 1223 1271
f 1222 1271 1270
f 1223 1224 1272
f 1223 1272 1271
f 1224 1225 1273
f 1224 1273 1272
f 1225 1226 1274
f 1225 1274 1273
f 1226 1227 1275
f 1226 1275 1274
f 1227 1228 1276
f 1227 1276 1275
f 1228 1229 1277
f 1228 1277 1276
f 1229 1230 1278
f 1229 1278 1277
f 1230 1231 1279
f 1230 1279 1278
f 1231 1232 1280
f 1231 1280 1279
f 1232 1233 1281
f 1232 1281 1280
f 1233 1234 1282
f 1233 1282 1281
f 1234 1235 1283
f 1234 1283 1282
f 1235 1236 1284
f 1235 1284 1283
f 1236 1237 1285
f 1236 1285 1284
f 1237 1238 1286
f 1237 1286 1285
f 1238 1239 1287
f 1238 1287 1286
f 1239 1240 1288
f 1239 1288 1287
f 1240 1241 1289
f 1240 1289 1288
f 1241 1242 1290
f 1241 1290 1289
f 1242 1243 1291
f 1242 1291 1290
f 1243 1244 1292
f 1243 1292 1291
f 1244 1245 1293
f 1244 1293 1292
f 1245 1246 1294
f 1245 1294 1293
f 1246 1247 1295
f 1246 1295 1294
f 1247 1248 1296
f 1247 1296 1295
f 1248 1201 1249
f 1248 1249 1296
f 1249 1250 1298
f 1249 1298 1297
f 1250 1251 1299
f 1250 1299 1298
f 1251 1252 1300
f 1251 1300 1299
f 1252 1253 1301
f 1252 1301 1300
f 1253 1254 1302
f 1253 1302 1301
f 1254 1255 1303
f 1254 1303 1302
f 1255 1256 1304
f 1255 1304 1303
f 1256 1257 1305
f 1256 1305 1304
f 1257 1258 1306
f 1257 1306 1305
f 1258 1259 1307
f 1258 1307 1306
f 1259 1260 1308
f 1259 1308 1307
f 1260 1261 1309
f 1260 1309 1308
f 1261 1262 1310
f 1261 1310 1309
f 1262 1263 1311
f 1262 1311 1310
f 1263 1264 1312
f 1263 1312 1311
f 1264 1265 1313
f 1264 1313 1312
f 1265 1266 1314
f 1265 1314 1313
f 1266 1267 1315
f 1266 1315 1314
f 1267 1268 1316
f 1267 1316 1315
f 1268 1269 1317
f 1268 1317 1316
f 1269 1270 1318
f 1269 1318 1317
f 1270 1271 1319
f 1270 1319 1318
f 1271 1272 1320
f 1271 1320 1319
f 1272 1273 1321
f 1272 1321 1320
f 1273 1274 1322
f 1273 1322 1321
f 1274 1275 1323
f 1274 1323 1322
f 1275 1276 1324
f 1275 1324 1323
f 1276 1277 1325
f 1276 1325 1324
f 1277 1278 1326
f 1277 1326 1325
f 1278 1279 1327
f 1278 1327 1326
f 1279 1280 1328
f 1279 1328 1327
f 1280 1281 1329
f 1280 1329 1328
f 1281 1282 1330
f 1281 1330 1329
f 1282 1283 1331
f 1282 1331 1330
f 1283 1284 1332
f 1283 1332 1331
f 1284 1285 1333
f 1284 1333 1332
f 1285 1286 1334
f 1285 1334 1333
f 1286 1287 1335
f 1286 1335 1334
f 1287 1288 1336
f 1287 1336 1335
f 1288 1289 1337
f 1288 1337 1336
f 1289 1290 1338
f 1289 1338 1337
f 1290 1291 1339
f 1290 1339 1338
f 1291 1292 1340
f 1291 1340 1339
f 1292 1293 1341
f 1292 1341 1340
f 1293 1294 1342
f 1293 1342 1341
f 1294 1295 1343
f 1294 1343 1342
f 1295 1296 1344
f 1295 1344 1343
f 1296 1249 1297
f 1296 1297 1344
f 1297 1298 1346
f 1297 1346 1345
f 1298 1299 1347
f 1298 1347 1346
f 1299 1300 1348
f 1299 1348 1347
f 1300 1301 1349
f 1300 1349 1348
f 1301 1302 1350
f 1301 1350 1349
f 1302 1303 1351
f 1302 1351 1350
f 1303 1304 1352
f 1303 1352 1351
f 1304 1305 1353
f 1304 1353 1352
f 1305 1306 1354
f 1305 1354 1353
f 1306 1307 1355
f 1306 1355 1354
f 1307 1308 1356
f 1307 1356 1355
f 1308 1309 1357
f 1308 1357 1356
f 1309 1310 1358
f 1309 1358 1357
f 1310 1311 1359
f 1310 1359 1358
f 1311 1312 1360
f 1311 1360 1359
f 1312 1313 1361
f 1312 1361 1360
f 1313 1314 1362
f 1313 1362 1361
f 1314 1315 1363
f 1314 1363 1362
f 1315 1316 1364
f 1315 1364 1363
f 1316 1317 1365
f 1316 1365 1364
f 1317 1318 1366
f 1317 1366 1365
f 1318 1319 1367
f 1318 1367 1366
f 1319 1320 1368
f 1319 1368 1367
f 1320 1321 1369
f 1320 1369 1368
f 1321 1322 1370
f 1321 1370 1369
f 1322 1323 1371
f 1322 1371 1370
f 1323 1324 1372
f 1323 1372 1371
f 1324 1325 1373
f 1324 1373 1372
f 1325 1326 1374
f 1325 1374 1373
f 1326 1327 1375
f 1326 1375 1374
f 1327 1328 1376
f 1327 1376 1375
f 1328 1329 1377
f 1328 1377 1376
f 1329 1330 1378
f 1329 1378 1377
f 1330 1331 1379
f 1330 1379 1378
f 1331 1332 1380
f 1331 1380 1379
f 1332 1333 1381
f 1332 1381 1380
f 1333 1334 1382
f 1333 1382 1381
f 1334 1335 1383
f 1334 1383 1382
f 1335 1336 1384
f 1335 1384 1383
f 1336 1337 1385
f 1336 1385 1384
f 1337 1338 1386
f 1337 1386 1385
f 1338 1339 1387
f 1338 1387 1386
f 1339 1340 1388
f 1339 1388 1387
f 1340 1341 1389
f 1340 1389 1388
f 1341 1342 1390
f 1341 1390 1389
f 1342 1343 1391
f 1342 1391 1390
f 1343 1344 1392
f 1343 1392 1391
f 1344 1297 1345
f 1344 1345 1392
f 1345 1346 1393
f 1346 1347 1393
f 1347 1348 1393
f 1348 1349 1393
f 1349 1350 1393
f 1350 1351 1393
f 1351 1352 1393
f 1352 1353 1393
f 1353 1354 1393
f 1354 1355 1393
f 1355 1356 1393
f 1356 1357 1393
f 1357 1358 1393
f 1358 1359 1393
f 1359 1360 1393
f 1360 1361 1393
f 1361 1362 1393
f 1362 1363 1393
f 1363 1364 1393
f 1364 1365 1393
f 1365 1366 1393
f 1366 1367 1393
f 1367 1368 1393
f 1368 1369 1393
f 1369 1370 1393
f 1370 1371 1393
f 1371 1372 1393
f 1372 1373 1393
f 1373 1374 1393
f 1374 1375 1393
f 1375 1376 1393
f 1376 1377 1393
f 1377 1378 1393
f 1378 1379 1393
f 1379 1380 1393
f 1380 1381 1393
f 1381 1382 1393
f 1382 1383 1393
f 1383 1384 1393
f 1384 1385 1393
f 1385 1386 1393
f 1386 1387 1393
f 1387 1388 1393
f 1388 1389 1393
f 1389 1390 1393
f 1390 1391 1393
f 1391 1392 1393
f 1392 1345 1393
f 1 2 1395
f 1 1395 1394
f 2 3 1396
f 2 1396 1395
f 3 4 1397
f 3 1397 1396
f 4 5 1398
f 4 1398 1397
f 5 6 1399
f 5 1399 1398
f 6 7 1400
f 6 1400 1399
f 7 8 1401
f 7 1401 1400
f 8 9 1402
f 8 1402 1401
f 9 10 1403
f 9 1403 1402
f 10 11 1404
f 10 1404 1403
f 11 12 1405
f 11 1405 1404
f 12 13 1406
f 12 1406 1405
f 13 14 1407
f 13 1407 1406
f 14 15 1408
f 14 1408 1407
f 15 16 1409
f 15 1409 1408
f 16 17 1410
f 16 1410 1409
f 17 18 1411
f 17 1411 1410
f 18 19 1412
f 18 1412 1411
f 19 20 1413
f 19 1413 1412
f 20 21 1414
f 20 1414 1413
f 21 22 1415
f 21 1415 1414
f 22 23 1416
f 22 1416 1415
f 23 24 1417
f 23 1417 1416
f 24 25 1418
f 24 1418 1417
f 25 26 1419
f 25 1419 1418
f 26 27 1420
f 26 1420 1419
f 27 28 1421
f 27 1421 1420
f 28 29 1422
f 28 1422 1421
f 29 30 1423
f 29 1423 1422
f 30 31 1424
f 30 1424 1423
f 31 32 1425
f 31 1425 1424
f 32 33 1426
f 32 1426 1425
f 33 34 1427
f 33 1427 1426
f 34 35 1428
f 34 1428 1427
f 35 36 1429
f 35 1429 1428
f 36 37 1430
f 36 1430 1429
f 37 38 1431
f 37 1431 1430
f 38 39 1432
f 38 1432 1431
f 39 40 1433
f 39 1433 1432
f 40 41 1434
f 40 1434 1433
f 41 42 1435
f 41 1435 1434
f 42 43 1436
f 42 1436 1435
f 43 44 1437
f 43 1437 1436
f 44 45 1438
f 44 1438 1437
f 45 46 1439
f 45 1439 1438
f 46 47 1440
f 46 1440 1439
f 47 48 1441
f 47 1441 1440
f 48 1 1394
f 48 1394 1441
f 1394 1395 1443
f 1394 1443 1442
f 1395 1396 1444
f 1395 1444 1443
f 1396 1397 1445
f 1396 1445 1444
f 1397 1398 1446
f 1397 1446 1445
f 1398 1399 1447
f 1398 1447 1446
f 1399 1400 1448
f 1399 1448 1447
f 1400 1401 1449
f 1400 1449 1448
f 1401 1402 1450
f 1401 1450 1449
f 1402 1403 1451
f 1402 1451 1450
f 1403 1404 1452
f 1403 1452 1451
f 1404 1405 1453
f 1404 1453 1452
f 1405 1406 1454
f 1405 1454 1453
f 1406 1407 1455
f 1406 1455 1454
f 1407 1408 1456
f 1407 1456 1455
f 1408 1409 1457
f 1408 1457 1456
f 1409 1410 1458
f 1409 1458 1457
f 1410 1411 1459
f 1410 1459 1458
f 1411 1412 1460
f 1411 1460 1459
f 1412 1413 1461
f 1412 1461 1460
f 1413 1414 1462
f 1413 1462 1461
f 1414 1415 1463
f 1414 1463 1462
f 1415 1416 1464
f 1415 1464 1463
f 1416 1417 1465
f 1416 1465 1464
f 1417 1418 1466
f 1417 1466 1465
f 1418 1419 1467
f 1418 1467 1466
f 1419 1420 1468
f 1419 1468 1467
f 1420 1421 1469
f 1420 1469 1468
f 1421 1422 1470
f 1421 1470 1469
f 1422 1423 1471
f 1422 1471 1470
f 1423 1424 1472
f 1423 1472 1471
f 1424 1425 1473
f 1424 1473 1472
f 1425 1426 1474
f 1425 1474 1473
f 1426 1427 1475
f 1426 1475 1474
f 1427 1428 1476
f 1427 1476 1475
f 1428 1429 1477
f 1428 1477 1476
f 1429 1430 1478
f 1429 1478 1477
f 1430 1431 1479
f 1430 1479 1478
f 1431 1432 1480
f 1431 1480 1479
f 1432 1433 1481
f 1432 1481 1480
f 1433 1434 1482
f 1433 1482 1481
f 1434 1435 1483
f 1434 1483 1482
f 1435 1436 1484
f 1435 1484 1483
f 1436 1437 1485
f 1436 1485 1484
f 1437 1438 1486
f 1437 1486 1485
f 1438 1439 1487
f 1438 1487 1486
f 1439 1440 1488
f 1439 1488 1487
f 1440 1441 1489
f 1440 1489 1488
f 1441 1394 1442
f 1441 1442 1489
f 1442 1443 1491
f 1442 1491 1490
f 1443 1444 1492
f 1443 1492 1491
f 1444 1445 1493
f 1444 1493 1492
f 1445 1446 1494
f 1445 1494 1493
f 1446 1447 1495
f 1446 1495 1494
f 1447 1448 1496
f 1447 1496 1495
f 1448 1449 1497
f 1448 1497 1496
f 1449 1450 1498
f 1449 1498 1497
f 1450 1451 1499
f 1450 1499 1498
f 1451 1452 1500
f 1451 1500 1499
f 1452 1453 1501
f 1452 1501 1500
f 1453 1454 1502
f 1453 1502 1501
f 1454 1455 1503
f 1454 1503 1502
f 1455 1456 1504
f 1455 1504 1503
f 1456 1457 1505
f 1456 1505 1504
f 1457 1458 1506
f 1457 1506 1505
f 1458 1459 1507
f 1458 1507 1506
f 1459 1460 1508
f 1459 1508 1507
f 1460 1461 1509
f 1460 1509 1508
f 1461 1462 1510
f 1461 1510 1509
f 1462 1463 1511
f 1462 1511 1510
f 1463 1464 1512
f 1463 1512 1511
f 1464 1465 1513
f 1464 1513 1512
f 1465 1466 1514
f 1465 1514 1513
f 1466 1467 1515
f 1466 1515 1514
f 1467 1468 1516
f 1467 1516 1515
f 1468 1469 1517
f 1468 1517 1516
f 1469 1470 1518
f 1469 1518 1517
f 1470 1471 1519
f 1470 1519 1518
f 1471 1472 1520
f 1471 1520 1519
f 1472 1473 1521
f 1472 1521 1520
f 1473 1474 1522
f 1473 1522 1521
f 1474 1475 1523
f 1474 1523 1522
f 1475 1476 1524
f 1475 1524 1523
f 1476 1477 1525
f 1476 1525 1524
f 1477 1478 1526
f 1477 1526 1525
f 1478 1479 1527
f 1478 1527 1526
f 1479 1480 1528
f 1479 1528 1527
f 1480 1481 1529
f 1480 1529 1528
f 1481 1482 1530
f 1481 1530 1529
f 1482 1483 1531
f 1482 1531 1530
f 1483 1484 1532
f 1483 1532 1531
f 1484 1485 1533
f 1484 1533 1532
f 1485 1486 1534
f 1485 1534 1533
f 1486 1487 1535
f 1486 1535 1534
f 1487 1488 1536
f 1487 1536 1535
f 1488 1489 1537
f 1488 1537 1536
f 1489 1442 1490
f 1489 1490 1537
f 1490 1491 1539
f 1490 1539 1538
f 1491 1492 1540
f 1491 1540 1539
f 1492 1493 1541
f 1492 1541 1540
f 1493 1494 1542
f 1493 1542 1541
f 1494 1495 1543
f 1494 1543 1542
f 1495 1496 1544
f 1495 1544 1543
f 1496 1497 1545
f 1496 1545 1544
f 1497 1498 1546
f 1497 1546 1545
f 1498 1499 1547
f 1498 1547 1546
f 1499 1500 1548
f 1499 1548 1547
f 1500 1501 1549
f 1500 1549 1548
f 1501 1502 1550
f 1501 1550 1549
f 1502 1503 1551
f 1502 1551 1550
f 1503 1504 1552
f 1503 1552 1551
f 1504 1505 1553
f 1504 1553 1552
f 1505 1506 1554
f 1505 1554 1553
f 1506 1507 1555
f 1506 1555 1554
f 1507 1508 1556
f 1507 1556 1555
f 1508 1509 1557
f 1508 1557 1556
f 1509 1510 1558
f 1509 1558 1557
f 1510 1511 1559
f 1510 1559 1558
f 1511 1512 1560
f 1511 1560 1559
f 1512 1513 1561
f 1512 1561 1560
f 1513 1514 1562
f 1513 1562 1561
f 1514 1515 1563
f 1514 1563 1562
f 1515 1516 1564
f 1515 1564 1563
f 1516 1517 1565
f 1516 1565 1564
f 1517 1518 1566
f 1517 1566 1565
f 1518 1519 1567
f 1518 1567 1566
f 1519 1520 1568
f 1519 1568 1567
f 1520 1521 1569
f 1520 1569 1568
f 1521 1522 1570
f 1521 1570 1569
f 1522 1523 1571
f 1522 1571 1570
f 1523 1524 1572
f 1523 1572 1571
f 1524 1525 1573
f 1524 1573 1572
f 1525 1526 1574
f 1525 1574 1573
f 1526 1527 1575
f 1526 1575 1574
f 1527 1528 1576
f 1527 1576 1575
f 1528 1529 1577
f 1528 1577 1576
f 1529 1530 1578
f 1529 1578 1577
f 1530 1531 1579
f 1530 1579 1578
f 1531 1532 1580
f 1531 1580 1579
f 1532 1533 1581
f 1532 1581 1580
f 1533 1534 1582
f 1533 1582 1581
f 1534 1535 1583
f 1534 1583 1582
f 1535 1536 1584
f 1535 1584 1583
f 1536 1537 1585
f 1536 1585 1584
f 1537 1490 1538
f 1537 1538 1585
f 1538 1539 1587
f 1538 1587 1586
f 1539 1540 1588
f 1539 1588 1587
f 1540 1541 1589
f 1540 1589 1588
f 1541 1542 1590
f 1541 1590 1589
f 1542 1543 1591
f 1542 1591 1590
f 1543 1544 1592
f 1543 1592 1591
f 1544 1545 1593
f 1544 1593 1592
f 1545 1546 1594
f 1545 1594 1593
f 1546 1547 1595
f 1546 1595 1594
f 1547 1548 1596
f 1547 1596 1595
f 1548 1549 1597
f 1548 1597 1596
f 1549 1550 1598
f 1549 1598 1597
f 1550 1551 1599
f 1550 1599 1598
f 1551 1552 1600
f 1551 1600 1599
f 1552 1553 1601
f 1552 1601 1600
f 1553 1554 1602
f 1553 1602 1601
f 1554 1555 1603
f 1554 1603 1602
f 1555 1556 1604
f 1555 1604 1603
f 1556 1557 1605
f 1556 1605 1604
f 1557 1558 1606
f 1557 1606 1605
f 1558 1559 1607
f 1558 1607 1606
f 1559 1560 1608
f 1559 1608 1607
f 1560 1561 1609
f 1560 1609 1608
f 1561 1562 1610
f 1561 1610 1609
f 1562 1563 1611
f 1562 1611 1610
f 1563 1564 1612
f 1563 1612 1611
f 1564 1565 1613
f 1564 1613 1612
f 1565 1566 1614
f 1565 1614 1613
f 1566 1567 1615
f 1566 1615 1614
f 1567 1568 1616
f 1567 1616 1615
f 1568 1569 1617
f 1568 1617 1616
f 1569 1570 1618
f 1569 1618 1617
f 1570 1571 1619
f 1570 1619 1618
f 1571 1572 1620
f 1571 1620 1619
f 1572 1573 1621
f 1572 1621 1620
f 1573 1574 1622
f 1573 1622 1621
f 1574 1575 1623
f 1574 1623 1622
f 1575 1576 1624
f 1575 1624 1623
f 1576 1577 1625
f 1576 1625 1624
f 1577 1578 1626
f 1577 1626 1625
f 1578 1579 1627
f 1578 1627 1626
f 1579 1580 1628
f 1579 1628 1627
f 1580 1581 1629
f 1580 1629 1628
f 1581 1582 1630
f 1581 1630 1629
f 1582 1583 1631
f 1582 1631 1630
f 1583 1584 1632
f 1583 1632 1631
f 1584 1585 1633
f 1584 1633 1632
f 1585 1538 1586
f 1585 1586 1633
f 1586 1587 1635
f 1586 1635 1634
f 1587 1588 1636
f 1587 1636 1635
f 1588 1589 1637
f 1588 1637 1636
f 1589 1590 1638
f 1589 1638 1637
f 1590 1591 1639
f 1590 1639 1638
f 1591 1592 1640
f 1591 1640 1639
f 1592 1593 1641
f 1592 1641 1640
f 1593 1594 1642
f 1593 1642 1641
f 1594 1595 1643
f 1594 1643 1642
f 1595 1596 1644
f 1595 1644 1643
f 1596 1597 1645
f 1596 1645 1644
f 1597 1598 1646
f 1597 1646 1645
f 1598 1599 1647
f 1598 1647 1646
f 1599 1600 1648
f 1599 1648 1647
f 1600 1601 1649
f 1600 1649 1648
f 1601 1602 1650
f 1601 1650 1649
f 1602 1603 1651
f 1602 1651 1650
f 1603 1604 1652
f 1603 1652 1651
f 1604 1605 1653
f 1604 1653 1652
f 1605 1606 1654
f 1605 1654 1653
f 1606 1607 1655
f 1606 1655 1654
f 1607 1608 1656
f 1607 1656 1655
f 1608 1609 1657
f 1608 1657 1656
f 1609 1610 1658
f 1609 1658 1657
f 1610 1611 1659
f 1610 1659 1658
f 1611 1612 1660
f 1611 1660 1659
f 1612 1613 1661
f 1612 1661 1660
f 1613 1614 1662
f 1613 1662 1661
f 1614 1615 1663
f 1614 1663 1662
f 1615 1616 1664
f 1615 1664 1663
f 1616 1617 1665
f 1616 1665 1664
f 1617 1618 1666
f 1617 1666 1665
f 1618 1619 1667
f 1618 1667 1666
f 1619 1620 1668
f 1619 1668 1667
f 1620 1621 1669
f 1620 1669 1668
f 1621 1622 1670
f 1621 1670 1669
f 1622 1623 1671
f 1622 1671 1670
f 1623 1624 1672
f 1623 1672 1671
f 1624 1625 1673
f 1624 1673 1672
f 1625 1626 1674
f 1625 1674 1673
f 1626 1627 1675
f 1626 1675 1674
f 1627 1628 1676
f 1627 1676 1675
f 1628 1629 1677
f 1628 1677 1676
f 1629 1630 1678
f 1629 1678 1677
f 1630 1631 1679
f 1630 1679 1678
f 1631 1632 1680
f 1631 1680 1679
f 1632 1633 1681
f 1632 1681 1680
f 1633 1586 1634
f 1633 1634 1681
f 1634 1635 1683
f 1634 1683 1682
f 1635 1636 1684
f 1635 1684 1683
f 1636 1637 1685
f 1636 1685 1684
f 1637 1638 1686
f 1637 1686 1685
f 1638 1639 1687
f 1638 1687 1686
f 1639 1640 1688
f 1639 1688 1687
f 1640 1641 1689
f 1640 1689 1688
f 1641 1642 1690
f 1641 1690 1689
f 1642 1643 1691
f 1642 1691 1690
f 1643 1644 1692
f 1643 1692 1691
f 1644 1645 1693
f 1644 1693 1692
f 1645 1646 1694
f 1645 1694 1693
f 1646 1647 1695
f 1646 1695 1694
f 1647 1648 1696
f 1647 1696 1695
f 1648 1649 1697
f 1648 1697 1696
f 1649 1650 1698
f 1649 1698 1697
f 1650 1651 1699
f 1650 1699 1698
f 1651 1652 1700
f 1651 1700 1699
f 1652 1653 1701
f 1652 1701 1700
f 1653 1654 1702
f 1653 1702 1701
f 1654 1655 1703
f 1654 1703 1702
f 1655 1656 1704
f 1655 1704 1703
f 1656 1657 1705
f 1656 1705 1704
f 1657 1658 1706
f 1657 1706 1705
f 1658 1659 1707
f 1658 1707 1706
f 1659 1660 1708
f 1659 1708 1707
f 1660 1661 1709
f 1660 1709 1708
f 1661 1662 1710
f 1661 1710 1709
f 1662 1663 1711
f 1662 1711 1710
f 1663 1664 1712
f 1663 1712 1711
f 1664 1665 1713
f 1664 1713 1712
f 1665 1666 1714
f 1665 1714 1713
f 1666 1667 1715
f 1666 1715 1714
f 1667 1668 1716
f 1667 1716 1715
f 1668 1669 1717
f 1668 1717 1716
f 1669 1670 1718
f 1669 1718 1717
f 1670 1671 1719
f 1670 1719 1718
f 1671 1672 1720
f 1671 1720 1719
f 1672 1673 1721
f 1672 1721 1720
f 1673 1674 1722
f 1673 1722 1721
f 1674 1675 1723
f 1674 1723 1722
f 1675 1676 1724
f 1675 1724 1723
f 1676 1677 1725
f 1676 1725 1724
f 1677 1678 1726
f 1677 1726 1725
f 1678 1679 1727
f 1678 1727 1726
f 1679 1680 1728
f 1679 1728 1727
f 1680 1681 1729
f 1680 1729 1728
f 1681 1634 1682
f 1681 1682 1729
f 1682 1683 1731
f 1682 1731 1730
f 1683 1684 1732
f 1683 1732 1731
f 1684 1685 1733
f 1684 1733 1732
f 1685 1686 1734
f 1685 1734 1733
f 1686 1687 1735
f 1686 1735 1734
f 1687 1688 1736
f 1687 1736 1735
f 1688 1689 1737
f 1688 1737 1736
f 1689 1690 1738
f 1689 1738 1737
f 1690 1691 1739
f 1690 1739 1738
f 1691 1692 1740
f 1691 1740 1739
f 1692 1693 1741
f 1692 1741 1740
f 1693 1694 1742
f 1693 1742 1741
f 1694 1695 1743
f 1694 1743 1742
f 1695 1696 1744
f 1695 1744 1743
f 1696 1697 1745
f 1696 1745 1744
f 1697 1698 1746
f 1697 1746 1745
f 1698 1699 1747
f 1698 1747 1746
f 1699 1700 1748
f 1699 1748 1747
f 1700 1701 1749
f 1700 1749 1748
f 1701 1702 1750
f 1701 1750 1749
f 1702 1703 1751
f 1702 1751 1750
f 1703 1704 1752
f 1703 1752 1751
f 1704 1705 1753
f 1704 1753 1752
f 1705 1706 1754
f 1705 1754 1753
f 1706 1707 1755
f 1706 1755 1754
f 1707 1708 1756
f 1707 1756 1755
f 1708 1709 1757
f 1708 1757 1756
f 1709 1710 1758
f 1709 1758 1757
f 1710 1711 1759
f 1710 1759 1758
f 1711 1712 1760
f 1711 1760 1759
f 1712 1713 1761
f 1712 1761 1760
f 1713 1714 1762
f 1713 1762 1761
f 1714 1715 1763
f 1714 1763 1762
f 1715 1716 1764
f 1715 1764 1763
f 1716 1717 1765
f 1716 1765 1764
f 1717 1718 1766
f 1717 1766 1765
f 1718 1719 1767
f 1718 1767 1766
f 1719 1720 1768
f 1719 1768 1767
f 1720 1721 1769
f 1720 1769 1768
f 1721 1722 1770
f 1721 1770 1769
f 1722 1723 1771
f 1722 1771 1770
f 1723 1724 1772
f 1723 1772 1771
f 1724 1725 1773
f 1724 1773 1772
f 1725 1726 1774
f 1725 1774 1773
f 1726 1727 1775
f 1726 1775 1774
f 1727 1728 1776
f 1727 1776 1775
f 1728 1729 1777
f 1728 1777 1776
f 1729 1682 1730
f 1729 1730 1777
f 1730 1731 1779
f 1730 1779 1778
f 1731 1732 1780
f 1731 1780 1779
f 1732 1733 1781
f 1732 1781 1780
f 1733 1734 1782
f 1733 1782 1781
f 1734 1735 1783
f 1734 1783 1782
f 1735 1736 1784
f 1735 1784 1783
f 1736 1737 1785
f 1736 1785 1784
f 1737 1738 1786
f 1737 1786 1785
f 1738 1739 1787
f 1738 1787 1786
f 1739 1740 1788
f 1739 1788 1787
f 1740 1741 1789
f 1740 1789 1788
f 1741 1742 1790
f 1741 1790 1789
f 1742 1743 1791
f 1742 1791 1790
f 1743 1744 1792
f 1743 1792 1791
f 1744 1745 1793
f 1744 1793 1792
f 1745 1746 1794
f 1745 1794 1793
f 1746 1747 1795
f 1746 1795 1794
f 1747 1748 1796
f 1747 1796 1795
f 1748 1749 1797
f 1748 1797 1796
f 1749 1750 1798
f 1749 1798 1797
f 1750 1751 1799
f 1750 1799 1798
f 1751 1752 1800
f 1751 1800 1799
f 1752 1753 1801
f 1752 1801 1800
f 1753 1754 1802
f 1753 1802 1801
f 1754 1755 1803
f 1754 1803 1802
f 1755 1756 1804
f 1755 1804 1803
f 1756 1757 1805
f 1756 1805 1804
f 1757 1758 1806
f 1757 1806 1805
f 1758 1759 1807
f 1758 1807 1806
f 1759 1760 1808
f 1759 1808 1807
f 1760 1761 1809
f 1760 1809 1808
f 1761 1762 1810
f 1761 1810 1809
f 1762 1763 1811
f 1762 1811 1810
f 1763 1764 1812
f 1763 1812 1811
f 1764 1765 1813
f 1764 1813 1812
f 1765 1766 1814
f 1765 1814 1813
f 1766 1767 1815
f 1766 1815 1814
f 1767 1768 1816
f 1767 1816 1815
f 1768 1769 1817
f 1768 1817 1816
f 1769 1770 1818
f 1769 1818 1817
f 1770 1771 1819
f 1770 1819 1818
f 1771 1772 1820
f 1771 1820 1819
f 1772 1773 1821
f 1772 1821 1820
f 1773 1774 1822
f 1773 1822 1821
f 1774 1775 1823
f 1774 1823 1822
f 1775 1776 1824
f 1775 1824 1823
f 1776 1777 1825
f 1776 1825 1824
f 1777 1730 1778
f 1777 1778 1825
f 1826 1827 1851
f 1826 1851 1850
f 1827 1828 1852
f 1827 1852 1851
f 1828 1829 1853
f 1828 1853 1852
f 1829 1830 1854
f 1829 1854 1853
f 1830 1831 1855
f 1830 1855 1854
f 1831 1832 1856
f 1831 1856 1855
f 1832 1833 1857
f 1832 1857 1856
f 1833 1834 1858
f 1833 1858 1857
f 1834 1835 1859
f 1834 1859 1858
f 1835 1836 1860
f 1835 1860 1859
f 1836 1837 1861
f 1836 1861 1860
f 1837 1838 1862
f 1837 1862 1861
f 1838 1839 1863
f 1838 1863 1862
f 1839 1840 1864
f 1839 1864 1863
f 1840 1841 1865
f 1840 1865 1864
f 1841 1842 1866
f 1841 1866 1865
f 1842 1843 1867
f 1842 1867 1866
f 1843 1844 1868
f 1843 1868 1867
f 1844 1845 1869
f 1844 1869 1868
f 1845 1846 1870
f 1845 1870 1869
f 1846 1847 1871
f 1846 1871 1870
f 1847 1848 1872
f 1847 1872 1871
f 1848 1849 1873
f 1848 1873 1872
f 1849 1826 1850
f 1849 1850 1873
f 1850 1851 1875
f 1850 1875 1874
f 1851 1852 1876
f 1851 1876 1875
f 1852 1853 1877
f 1852 1877 1876
f 1853 1854 1878
f 1853 1878 1877
f 1854 1855 1879
f 1854 1879 1878
f 1855 1856 1880
f 1855 1880 1879
f 1856 1857 1881
f 1856 1881 1880
f 1857 1858 1882
f 1857 1882 1881
f 1858 1859 1883
f 1858 1883 1882
f 1859 1860 1884
f 1859 1884 1883
f 1860 1861 1885
f 1860 1885 1884
f 1861 1862 1886
f 1861 1886 1885
f 1862 1863 1887
f 1862 1887 1886
f 1863 1864 1888
f 1863 1888 1887
f 1864 1865 1889
f 1864 1889 1888
f 1865 1866 1890
f 1865 1890 1889
f 1866 1867 1891
f 1866 1891 1890
f 1867 1868 1892
f 1867 1892 1891
f 1868 1869 1893
f 1868 1893 1892
f 1869 1870 1894
f 1869 1894 1893
f 1870 1871 1895
f 1870 1895 1894
f 1871 1872 1896
f 1871 1896 1895
f 1872 1873 1897
f 1872 1897 1896
f 1873 1850 1874
f 1873 1874 1897
f 1874 1875 1899
f 1874 1899 1898
f 1875 1876 1900
f 1875 1900 1899
f 1876 1877 1901
f 1876 1901 1900
f 1877 1878 1902
f 1877 1902 1901
f 1878 1879 1903
f 1878 1903 1902
f 1879 1880 1904
f 1879 1904 1903
f 1880 1881 1905
f 1880 1905 1904
f 1881 1882 1906
f 1881 1906 1905
f 1882 1883 1907
f 1882 1907 1906
f 1883 1884 1908
f 1883 1908 1907
f 1884 1885 1909
f 1884 1909 1908
f 1885 1886 1910
f 1885 1910 1909
f 1886 1887 1911
f 1886 1911 1910
f 1887 1888 1912
f 1887 1912 1911
f 1888 1889 1913
f 1888 1913 1912
f 1889 1890 1914
f 1889 1914 1913
f 1890 1891 1915
f 1890 1915 1914
f 1891 1892 1916
f 1891 1916 1915
f 1892 1893 1917
f 1892 1917 1916
f 1893 1894 1918
f 1893 1918 1917
f 1894 1895 1919
f 1894 1919 1918
f 1895 1896 1920
f 1895 1920 1919
f 1896 1897 1921
f 1896 1921 1920
f 1897 1874 1898
f 1897 1898 1921
f 1898 1899 1923
f 1898 1923 1922
f 1899 1900 1924
f 1899 1924 1923
f 1900 1901 1925
f 1900 1925 1924
f 1901 1902 1926
f 1901 1926 1925
f 1902 1903 1927
f 1902 1927 1926
f 1903 1904 1928
f 1903 1928 1927
f 1904 1905 1929
f 1904 1929 1928
f 1905 1906 1930
f 1905 1930 1929
f 1906 1907 1931
f 1906 1931 1930
f 1907 1908 1932
f 1907 1932 1931
f 1908 1909 1933
f 1908 1933 1932
f 1909 1910 1934
f 1909 1934 1933
f 1910 1911 1935
f 1910 1935 1934
f 1911 1912 1936
f 1911 1936 1935
f 1912 1913 1937
f 1912 1937 1936
f 1913 1914 1938
f 1913 1938 1937
f 1914 1915 1939
f 1914 1939 1938
f 1915 1916 1940
f 1915 1940 1939
f 1916 1917 1941
f 1916 1941 1940
f 1917 1918 1942
f 1917 1942 1941
f 1918 1919 1943
f 1918 1943 1942
f 1919 1920 1944
f 1919 1944 1943
f 1920 1921 1945
f 1920 1945 1944
f 1921 1898 1922
f 1921 1922 1945
f 1922 1923 1947
f 1922 1947 1946
f 1923 1924 1948
f 1923 1948 1947
f 1924 1925 1949
f 1924 1949 1948
f 1925 1926 1950
f 1925 1950 1949
f 1926 1927 1951
f 1926 1951 1950
f 1927 1928 1952
f 1927 1952 1951
f 1928 1929 1953
f 1928 1953 1952
f 1929 1930 1954
f 1929 1954 1953
f 1930 1931 1955
f 1930 1955 1954
f 1931 1932 1956
f 1931 1956 1955
f 1932 1933 1957
f 1932 1957 1956
f 1933 1934 1958
f 1933 1958 1957
f 1934 1935 1959
f 1934 1959 1958
f 1935 1936 1960
f 1935 1960 1959
f 1936 1937 1961
f 1936 1961 1960
f 1937 1938 1962
f 1937 1962 1961
f 1938 1939 1963
f 1938 1963 1962
f 1939 1940 1964
f 1939 1964 1963
f 1940 1941 1965
f 1940 1965 1964
f 1941 1942 1966
f 1941 1966 1965
f 1942 1943 1967
f 1942 1967 1966
f 1943 1944 1968
f 1943 1968 1967
f 1944 1945 1969
f 1944 1969 1968
f 1945 1922 1946
f 1945 1946 1969
f 1946 1947 1971
f 1946 1971 1970
f 1947 1948 1972
f 1947 1972 1971
f 1948 1949 1973
f 1948 1973 1972
f 1949 1950 1974
f 1949 1974 1973
f 1950 1951 1975
f 1950 1975 1974
f 1951 1952 1976
f 1951 1976 1975
f 1952 1953 1977
f 1952 1977 1976
f 1953 1954 1978
f 1953 1978 1977
f 1954 1955 1979
f 1954 1979 1978
f 1955 1956 1980
f 1955 1980 1979
f 1956 1957 1981
f 1956 1981 1980
f 1957 1958 1982
f 1957 1982 1981
f 1958 1959 1983
f 1958 1983 1982
f 1959 1960 1984
f 1959 1984 1983
f 1960 1961 1985
f 1960 1985 1984
f 1961 1962 1986
f 1961 1986 1985
f 1962 1963 1987
f 1962 1987 1986
f 1963 1964 1988
f 1963 1988 1987
f 1964 1965 1989
f 1964 1989 1988
f 1965 1966 1990
f 1965 1990 1989
f 1966 1967 1991
f 1966 1991 1990
f 1967 1968 1992
f 1967 1992 1991
f 1968 1969 1993
f 1968 1993 1992
f 1969 1946 1970
f 1969 1970 1993
f 1970 1971 1995
f 1970 1995 1994
f 1971 1972 1996
f 1971 1996 1995
f 1972 1973 1997
f 1972 1997 1996
f 1973 1974 1998
f 1973 1998 1997
f 1974 1975 1999
f 1974 1999 1998
f 1975 1976 2000
f 1975 2000 1999
f 1976 1977 2001
f 1976 2001 2000
f 1977 1978 2002
f 1977 2002 2001
f 1978 1979 2003
f 1978 2003 2002
f 1979 1980 2004
f 1979 2004 2003
f 1980 1981 2005
f 1980 2005 2004
f 1981 1982 2006
f 1981 2006 2005
f 1982 1983 2007
f 1982 2007 2006
f 1983 1984 2008
f 1983 2008 2007
f 1984 1985 2009
f 1984 2009 2008
f 1985 1986 2010
f 1985 2010 2009
f 1986 1987 2011
f 1986 2011 2010
f 1987 1988 2012
f 1987 2012 2011
f 1988 1989 2013
f 1988 2013 2012
f 1989 1990 2014
f 1989 2014 2013
f 1990 1991 2015
f 1990 2015 2014
f 1991 1992 2016
f 1991 2016 2015
f 1992 1993 2017
f 1992 2017 2016
f 1993 1970 1994
f 1993 1994 2017
f 1994 1995 2019
f 1994 2019 2018
f 1995 1996 2020
f 1995 2020 2019
f 1996 1997 2021
f 1996 2021 2020
f 1997 1998 2022
f 1997 2022 2021
f 1998 1999 2023
f 1998 2023 2022
f 1999 2000 2024
f 1999 2024 2023
f 2000 2001 2025
f 2000 2025 2024
f 2001 2002 2026
f 2001 2026 2025
f 2002 2003 2027
f 2002 2027 2026
f 2003 2004 2028
f 2003 2028 2027
f 2004 2005 2029
f 2004 2029 2028
f 2005 2006 2030
f 2005 2030 2029
f 2006 2007 2031
f 2006 2031 2030
f 2007 2008 2032
f 2007 2032 2031
f 2008 2009 2033
f 2008 2033 2032
f 2009 2010 2034
f 2009 2034 2033
f 2010 2011 2035
f 2010 2035 2034
f 2011 2012 2036
f 2011 2036 2035
f 2012 2013 2037
f 2012 2037 2036
f 2013 2014 2038
f 2013 2038 2037
f 2014 2015 2039
f 2014 2039 2038
f 2015 2016 2040
f 2015 2040 2039
f 2016 2017 2041
f 2016 2041 2040
f 2017 1994 2018
f 2017 2018 2041
f 2018 2019 2043
f 2018 2043 2042
f 2019 2020 2044
f 2019 2044 2043
f 2020 2021 2045
f 2020 2045 2044
f 2021 2022 2046
f 2021 2046 2045
f 2022 2023 2047
f 2022 2047 2046
f 2023 2024 2048
f 2023 2048 2047
f 2024 2025 2049
f 2024 2049 2048
f 2025 2026 2050
f 2025 2050 2049
f 2026 2027 2051
f 2026 2051 2050
f 2027 2028 2052
f 2027 2052 2051
f 2028 2029 2053
f 2028 2053 2052
f 2029 2030 2054
f 2029 2054 2053
f 2030 2031 2055
f 2030 2055 2054
f 2031 2032 2056
f 2031 2056 2055
f 2032 2033 2057
f 2032 2057 2056
f 2033 2034 2058
f 2033 2058 2057
f 2034 2035 2059
f 2034 2059 2058
f 2035 2036 2060
f 2035 2060 2059
f 2036 2037 2061
f 2036 2061 2060
f 2037 2038 2062
f 2037 2062 2061
f 2038 2039 2063
f 2038 2063 2062
f 2039 2040 2064
f 2039 2064 2063
f 2040 2041 2065
f 2040 2065 2064
f 2041 2018 2042
f 2041 2042 2065
f 2042 2043 2067
f 2042 2067 2066
f 2043 2044 2068
f 2043 2068 2067
f 2044 2045 2069
f 2044 2069 2068
f 2045 2046 2070
f 2045 2070 2069
f 2046 2047 2071
f 2046 2071 2070
f 2047 2048 2072
f 2047 2072 2071
f 2048 2049 2073
f 2048 2073 2072
f 2049 2050 2074
f 2049 2074 2073
f 2050 2051 2075
f 2050 2075 2074
f 2051 2052 2076
f 2051 2076 2075
f 2052 2053 2077
f 2052 2077 2076
f 2053 2054 2078
f 2053 2078 2077
f 2054 2055 2079
f 2054 2079 2078
f 2055 2056 2080
f 2055 2080 2079
f 2056 2057 2081
f 2056 2081 2080
f 2057 2058 2082
f 2057 2082 2081
f 2058 2059 2083
f 2058 2083 2082
f 2059 2060 2084
f 2059 2084 2083
f 2060 2061 2085
f 2060 2085 2084
f 2061 2062 2086
f 2061 2086 2085
f 2062 2063 2087
f 2062 2087 2086
f 2063 2064 2088
f 2063 2088 2087
f 2064 2065 2089
f 2064 2089 2088
f 2065 2042 2066
f 2065 2066 2089
f 2066 2067 2091
f 2066 2091 2090
f 2067 2068 2092
f 2067 2092 2091
f 2068 2069 2093
f 2068 2093 2092
f 2069 2070 2094
f 2069 2094 2093
f 2070 2071 2095
f 2070 2095 2094
f 2071 2072 2096
f 2071 2096 2095
f 2072 2073 2097
f 2072 2097 2096
f 2073 2074 2098
f 2073 2098 2097
f 2074 2075 2099
f 2074 2099 2098
f 2075 2076 2100
f 2075 2100 2099
f 2076 2077 2101
f 2076 2101 2100
f 2077 2078 2102
f 2077 2102 2101
f 2078 2079 2103
f 2078 2103 2102
f 2079 2080 2104
f 2079 2104 2103
f 2080 2081 2105
f 2080 2105 2104
f 2081 2082 2106
f 2081 2106 2105
f 2082 2083 2107
f 2082 2107 2106
f 2083 2084 2108
f 2083 2108 2107
f 2084 2085 2109
f 2084 2109 2108
f 2085 2086 2110
f 2085 2110 2109
f 2086 2087 2111
f 2086 2111 2110
f 2087 2088 2112
f 2087 2112 2111
f 2088 2089 2113
f 2088 2113 2112
f 2089 2066 2090
f 2089 2090 2113
f 2090 2091 2115
f 2090 2115 2114
f 2091 2092 2116
f 2091 2116 2115
f 2092 2093 2117
f 2092 2117 2116
f 2093 2094 2118
f 2093 2118 2117
f 2094 2095 2119
f 2094 2119 2118
f 2095 2096 2120
f 2095 2120 2119
f 2096 2097 2121
f 2096 2121 2120
f 2097 2098 2122
f 2097 2122 2121
f 2098 2099 2123
f 2098 2123 2122
f 2099 2100 2124
f 2099 2124 2123
f 2100 2101 2125
f 2100 2125 2124
f 2101 2102 2126
f 2101 2126 2125
f 2102 2103 2127
f 2102 2127 2126
f 2103 2104 2128
f 2103 2128 2127
f 2104 2105 2129
f 2104 2129 2128
f 2105 2106 2130
f 2105 2130 2129
f 2106 2107 2131
f 2106 2131 2130
f 2107 2108 2132
f 2107 2132 2131
f 2108 2109 2133
f 2108 2133 2132
f 2109 2110 2134
f 2109 2134 2133
f 2110 2111 2135
f 2110 2135 2134
f 2111 2112 2136
f 2111 2136 2135
f 2112 2113 2137
f 2112 2137 2136
f 2113 2090 2114
f 2113 2114 2137
f 2114 2115 2139
f 2114 2139 2138
f 2115 2116 2140
f 2115 2140 2139
f 2116 2117 2141
f 2116 2141 2140
f 2117 2118 2142
f 2117 2142 2141
f 2118 2119 2143
f 2118 2143 2142
f 2119 2120 2144
f 2119 2144 2143
f 2120 2121 2145
f 2120 2145 2144
f 2121 2122 2146
f 2121 2146 2145
f 2122 2123 2147
f 2122 2147 2146
f 2123 2124 2148
f 2123 2148 2147
f 2124 2125 2149
f 2124 2149 2148
f 2125 2126 2150
f 2125 2150 2149
f 2126 2127 2151
f 2126 2151 2150
f 2127 2128 2152
f 2127 2152 2151
f 2128 2129 2153
f 2128 2153 2152
f 2129 2130 2154
f 2129 2154 2153
f 2130 2131 2155
f 2130 2155 2154
f 2131 2132 2156
f 2131 2156 2155
f 2132 2133 2157
f 2132 2157 2156
f 2133 2134 2158
f 2133 2158 2157
f 2134 2135 2159
f 2134 2159 2158
f 2135 2136 2160
f 2135 2160 2159
f 2136 2137 2161
f 2136 2161 2160
f 2137 2114 2138
f 2137 2138 2161
f 2138 2139 2163
f 2138 2163 2162
f 2139 2140 2164
f 2139 2164 2163
f 2140 2141 2165
f 2140 2165 2164
f 2141 2142 2166
f 2141 2166 2165
f 2142 2143 2167
f 2142 2167 2166
f 2143 2144 2168
f 2143 2168 2167
f 2144 2145 2169
f 2144 2169 2168
f 2145 2146 2170
f 2145 2170 2169
f 2146 2147 2171
f 2146 2171 2170
f 2147 2148 2172
f 2147 2172 2171
f 2148 2149 2173
f 2148 2173 2172
f 2149 2150 2174
f 2149 2174 2173
f 2150 2151 2175
f 2150 2175 2174
f 2151 2152 2176
f 2151 2176 2175
f 2152 2153 2177
f 2152 2177 2176
f 2153 2154 2178
f 2153 2178 2177
f 2154 2155 2179
f 2154 2179 2178
f 2155 2156 2180
f 2155 2180 2179
f 2156 2157 2181
f 2156 2181 2180
f 2157 2158 2182
f 2157 2182 2181
f 2158 2159 2183
f 2158 2183 2182
f 2159 2160 2184
f 2159 2184 2183
f 2160 2161 2185
f 2160 2185 2184
f 2161 2138 2162
f 2161 2162 2185
f 2162 2163 2187
f 2162 2187 2186
f 2163 2164 2188
f 2163 2188 2187
f 2164 2165 2189
f 2164 2189 2188
f 2165 2166 2190
f 2165 2190 2189
f 2166 2167 2191
f 2166 2191 2190
f 2167 2168 2192
f 2167 2192 2191
f 2168 2169 2193
f 2168 2193 2192
f 2169 2170 2194
f 2169 2194 2193
f 2170 2171 2195
f 2170 2195 2194
f 2171 2172 2196
f 2171 2196 2195
f 2172 2173 2197
f 2172 2197 2196
f 2173 2174 2198
f 2173 2198 2197
f 2174 2175 2199
f 2174 2199 2198
f 2175 2176 2200
f 2175 2200 2199
f 2176 2177 2201
f 2176 2201 2200
f 2177 2178 2202
f 2177 2202 2201
f 2178 2179 2203
f 2178 2203 2202
f 2179 2180 2204
f 2179 2204 2203
f 2180 2181 2205
f 2180 2205 2204
f 2181 2182 2206
f 2181 2206 2205
f 2182 2183 2207
f 2182 2207 2206
f 2183 2184 2208
f 2183 2208 2207
f 2184 2185 2209
f 2184 2209 2208
f 2185 2162 2186
f 2185 2186 2209
f 2186 2187 2211
f 2186 2211 2210
f 2187 2188 2212
f 2187 2212 2211
f 2188 2189 2213
f 2188 2213 2212
f 2189 2190 2214
f 2189 2214 2213
f 2190 2191 2215
f 2190 2215 2214
f 2191 2192 2216
f 2191 2216 2215
f 2192 2193 2217
f 2192 2217 2216
f 2193 2194 2218
f 2193 2218 2217
f 2194 2195 2219
f 2194 2219 2218
f 2195 2196 2220
f 2195 2220 2219
f 2196 2197 2221
f 2196 2221 2220
f 2197 2198 2222
f 2197 2222 2221
f 2198 2199 2223
f 2198 2223 2222
f 2199 2200 2224
f 2199 2224 2223
f 2200 2201 2225
f 2200 2225 2224
f 2201 2202 2226
f 2201 2226 2225
f 2202 2203 2227
f 2202 2227 2226
f 2203 2204 2228
f 2203 2228 2227
f 2204 2205 2229
f 2204 2229 2228
f 2205 2206 2230
f 2205 2230 2229
f 2206 2207 2231
f 2206 2231 2230
f 2207 2208 2232
f 2207 2232 2231
f 2208 2209 2233
f 2208 2233 2232
f 2209 2186 2210
f 2209 2210 2233
f 2210 2211 2235
f 2210 2235 2234
f 2211 2212 2236
f 2211 2236 2235
f 2212 2213 2237
f 2212 2237 2236
f 2213 2214 2238
f 2213 2238 2237
f 2214 2215 2239
f 2214 2239 2238
f 2215 2216 2240
f 2215 2240 2239
f 2216 2217 2241
f 2216 2241 2240
f 2217 2218 2242
f 2217 2242 2241
f 2218 2219 2243
f 2218 2243 2242
f 2219 2220 2244
f 2219 2244 2243
f 2220 2221 2245
f 2220 2245 2244
f 2221 2222 2246
f 2221 2246 2245
f 2222 2223 2247
f 2222 2247 2246
f 2223 2224 2248
f 2223 2248 2247
f 2224 2225 2249
f 2224 2249 2248
f 2225 2226 2250
f 2225 2250 2249
f 2226 2227 2251
f 2226 2251 2250
f 2227 2228 2252
f 2227 2252 2251
f 2228 2229 2253
f 2228 2253 2252
f 2229 2230 2254
f 2229 2254 2253
f 2230 2231 2255
f 2230 2255 2254
f 2231 2232 2256
f 2231 2256 2255
f 2232 2233 2257
f 2232 2257 2256
f 2233 2210 2234
f 2233 2234 2257
f 2234 2235 2259
f 2234 2259 2258
f 2235 2236 2260
f 2235 2260 2259
f 2236 2237 2261
f 2236 2261 2260
f 2237 2238 2262
f 2237 2262 2261
f 2238 2239 2263
f 2238 2263 2262
f 2239 2240 2264
f 2239 2264 2263
f 2240 2241 2265
f 2240 2265 2264
f 2241 2242 2266
f 2241 2266 2265
f 2242 2243 2267
f 2242 2267 2266
f 2243 2244 2268
f 2243 2268 2267
f 2244 2245 2269
f 2244 2269 2268
f 2245 2246 2270
f 2245 2270 2269
f 2246 2247 2271
f 2246 2271 2270
f 2247 2248 2272
f 2247 2272 2271
f 2248 2249 2273
f 2248 2273 2272
f 2249 2250 2274
f 2249 2274 2273
f 2250 2251 2275
f 2250 2275 2274
f 2251 2252 2276
f 2251 2276 2275
f 2252 2253 2277
f 2252 2277 2276
f 2253 2254 2278
f 2253 2278 2277
f 2254 2255 2279
f 2254 2279 2278
f 2255 2256 2280
f 2255 2280 2279
f 2256 2257 2281
f 2256 2281 2280
f 2257 2234 2258
f 2257 2258 2281
f 2258 2259 2283
f 2258 2283 2282
f 2259 2260 2284
f 2259 2284 2283
f 2260 2261 2285
f 2260 2285 2284
f 2261 2262 2286
f 2261 2286 2285
f 2262 2263 2287
f 2262 2287 2286
f 2263 2264 2288
f 2263 2288 2287
f 2264 2265 2289
f 2264 2289 2288
f 2265 2266 2290
f 2265 2290 2289
f 2266 2267 2291
f 2266 2291 2290
f 2267 2268 2292
f 2267 2292 2291
f 2268 2269 2293
f 2268 2293 2292
f 2269 2270 2294
f 2269 2294 2293
f 2270 2271 2295
f 2270 2295 2294
f 2271 2272 2296
f 2271 2296 2295
f 2272 2273 2297
f 2272 2297 2296
f 2273 2274 2298
f 2273 2298 2297
f 2274 2275 2299
f 2274 2299 2298
f 2275 2276 2300
f 2275 2300 2299
f 2276 2277 2301
f 2276 2301 2300
f 2277 2278 2302
f 2277 2302 2301
f 2278 2279 2303
f 2278 2303 2302
f 2279 2280 2304
f 2279 2304 2303
f 2280 2281 2305
f 2280 2305 2304
f 2281 2258 2282
f 2281 2282 2305
f 2282 2283 2307
f 2282 2307 2306
f 2283 2284 2308
f 2283 2308 2307
f 2284 2285 2309
f 2284 2309 2308
f 2285 2286 2310
f 2285 2310 2309
f 2286 2287 2311
f 2286 2311 2310
f 2287 2288 2312
f 2287 2312 2311
f 2288 2289 2313
f 2288 2313 2312
f 2289 2290 2314
f 2289 2314 2313
f 2290 2291 2315
f 2290 2315 2314
f 2291 2292 2316
f 2291 2316 2315
f 2292 2293 2317
f 2292 2317 2316
f 2293 2294 2318
f 2293 2318 2317
f 2294 2295 2319
f 2294 2319 2318
f 2295 2296 2320
f 2295 2320 2319
f 2296 2297 2321
f 2296 2321 2320
f 2297 2298 2322
f 2297 2322 2321
f 2298 2299 2323
f 2298 2323 2322
f 2299 2300 2324
f 2299 2324 2323
f 2300 2301 2325
f 2300 2325 2324
f 2301 2302 2326
f 2301 2326 2325
f 2302 2303 2327
f 2302 2327 2326
f 2303 2304 2328
f 2303 2328 2327
f 2304 2305 2329
f 2304 2329 2328
f 2305 2282 2306
f 2305 2306 2329
f 2306 2307 2331
f 2306 2331 2330
f 2307 2308 2332
f 2307 2332 2331
f 2308 2309 2333
f 2308 2333 2332
f 2309 2310 2334
f 2309 2334 2333
f 2310 2311 2335
f 2310 2335 2334
f 2311 2312 2336
f 2311 2336 2335
f 2312 2313 2337
f 2312 2337 2336
f 2313 2314 2338
f 2313 2338 2337
f 2314 2315 2339
f 2314 2339 2338
f 2315 2316 2340
f 2315 2340 2339
f 2316 2317 2341
f 2316 2341 2340
f 2317 2318 2342
f 2317 2342 2341
f 2318 2319 2343
f 2318 2343 2342
f 2319 2320 2344
f 2319 2344 2343
f 2320 2321 2345
f 2320 2345 2344
f 2321 2322 2346
f 2321 2346 2345
f 2322 2323 2347
f 2322 2347 2346
f 2323 2324 2348
f 2323 2348 2347
f 2324 2325 2349
f 2324 2349 2348
f 2325 2326 2350
f 2325 2350 2349
f 2326 2327 2351
f 2326 2351 2350
f 2327 2328 2352
f 2327 2352 2351
f 2328 2329 2353
f 2328 2353 2352
f 2329 2306 2330
f 2329 2330 2353
f 2330 2331 2355
f 2330 2355 2354
f 2331 2332 2356
f 2331 2356 2355
f 2332 2333 2357
f 2332 2357 2356
f 2333 2334 2358
f 2333 2358 2357
f 2334 2335 2359
f 2334 2359 2358
f 2335 2336 2360
f 2335 2360 2359
f 2336 2337 2361
f 2336 2361 2360
f 2337 2338 2362
f 2337 2362 2361
f 2338 2339 2363
f 2338 2363 2362
f 2339 2340 2364
f 2339 2364 2363
f 2340 2341 2365
f 2340 2365 2364
f 2341 2342 2366
f 2341 2366 2365
f 2342 2343 2367
f 2342 2367 2366
f 2343 2344 2368
f 2343 2368 2367
f 2344 2345 2369
f 2344 2369 2368
f 2345 2346 2370
f 2345 2370 2369
f 2346 2347 2371
f 2346 2371 2370
f 2347 2348 2372
f 2347 2372 2371
f 2348 2349 2373
f 2348 2373 2372
f 2349 2350 2374
f 2349 2374 2373
f 2350 2351 2375
f 2350 2375 2374
f 2351 2352 2376
f 2351 2376 2375
f 2352 2353 2377
f 2352 2377 2376
f 2353 2330 2354
f 2353 2354 2377
f 2354 2355 2379
f 2354 2379 2378
f 2355 2356 2380
f 2355 2380 2379
f 2356 2357 2381
f 2356 2381 2380
f 2357 2358 2382
f 2357 2382 2381
f 2358 2359 2383
f 2358 2383 2382
f 2359 2360 2384
f 2359 2384 2383
f 2360 2361 2385
f 2360 2385 2384
f 2361 2362 2386
f 2361 2386 2385
f 2362 2363 2387
f 2362 2387 2386
f 2363 2364 2388
f 2363 2388 2387
f 2364 2365 2389
f 2364 2389 2388
f 2365 2366 2390
f 2365 2390 2389
f 2366 2367 2391
f 2366 2391 2390
f 2367 2368 2392
f 2367 2392 2391
f 2368 2369 2393
f 2368 2393 2392
f 2369 2370 2394
f 2369 2394 2393
f 2370 2371 2395
f 2370 2395 2394
f 2371 2372 2396
f 2371 2396 2395
f 2372 2373 2397
f 2372 2397 2396
f 2373 2374 2398
f 2373 2398 2397
f 2374 2375 2399
f 2374 2399 2398
f 2375 2376 2400
f 2375 2400 2399
f 2376 2377 2401
f 2376 2401 2400
f 2377 2354 2378
f 2377 2378 2401
f 2378 2379 2403
f 2378 2403 2402
f 2379 2380 2404
f 2379 2404 2403
f 2380 2381 2405
f 2380 2405 2404
f 2381 2382 2406
f 2381 2406 2405
f 2382 2383 2407
f 2382 2407 2406
f 2383 2384 2408
f 2383 2408 2407
f 2384 2385 2409
f 2384 2409 2408
f 2385 2386 2410
f 2385 2410 2409
f 2386 2387 2411
f 2386 2411 2410
f 2387 2388 2412
f 2387 2412 2411
f 2388 2389 2413
f 2388 2413 2412
f 2389 2390 2414
f 2389 2414 2413
f 2390 2391 2415
f 2390 2415 2414
f 2391 2392 2416
f 2391 2416 2415
f 2392 2393 2417
f 2392 2417 2416
f 2393 2394 2418
f 2393 2418 2417
f 2394 2395 2419
f 2394 2419 2418
f 2395 2396 2420
f 2395 2420 2419
f 2396 2397 2421
f 2396 2421 2420
f 2397 2398 2422
f 2397 2422 2421
f 2398 2399 2423
f 2398 2423 2422
f 2399 2400 2424
f 2399 2424 2423
f 2400 2401 2425
f 2400 2425 2424
f 2401 2378 2402
f 2401 2402 2425
f 2402 2403 2427
f 2402 2427 2426
f 2403 2404 2428
f 2403 2428 2427
f 2404 2405 2429
f 2404 2429 2428
f 2405 2406 2430
f 2405 2430 2429
f 2406 2407 2431
f 2406 2431 2430
f 2407 2408 2432
f 2407 2432 2431
f 2408 2409 2433
f 2408 2433 2432
f 2409 2410 2434
f 2409 2434 2433
f 2410 2411 2435
f 2410 2435 2434
f 2411 2412 2436
f 2411 2436 2435
f 2412 2413 2437
f 2412 2437 2436
f 2413 2414 2438
f 2413 2438 2437
f 2414 2415 2439
f 2414 2439 2438
f 2415 2416 2440
f 2415 2440 2439
f 2416 2417 2441
f 2416 2441 2440
f 2417 2418 2442
f 2417 2442 2441
f 2418 2419 2443
f 2418 2443 2442
f 2419 2420 2444
f 2419 2444 2443
f 2420 2421 2445
f 2420 2445 2444
f 2421 2422 2446
f 2421 2446 2445
f 2422 2423 2447
f 2422 2447 2446
f 2423 2424 2448
f 2423 2448 2447
f 2424 2425 2449
f 2424 2449 2448
f 2425 2402 2426
f 2425 2426 2449
f 2426 2427 2451
f 2426 2451 2450
f 2427 2428 2452
f 2427 2452 2451
f 2428 2429 2453
f 2428 2453 2452
f 2429 2430 2454
f 2429 2454 2453
f 2430 2431 2455
f 2430 2455 2454
f 2431 2432 2456
f 2431 2456 2455
f 2432 2433 2457
f 2432 2457 2456
f 2433 2434 2458
f 2433 2458 2457
f 2434 2435 2459
f 2434 2459 2458
f 2435 2436 2460
f 2435 2460 2459
f 2436 2437 2461
f 2436 2461 2460
f 2437 2438 2462
f 2437 2462 2461
f 2438 2439 2463
f 2438 2463 2462
f 2439 2440 2464
f 2439 2464 2463
f 2440 2441 2465
f 2440 2465 2464
f 2441 2442 2466
f 2441 2466 2465
f 2442 2443 2467
f 2442 2467 2466
f 2443 2444 2468
f 2443 2468 2467
f 2444 2445 2469
f 2444 2469 2468
f 2445 2446 2470
f 2445 2470 2469
f 2446 2447 2471
f 2446 2471 2470
f 2447 2448 2472
f 2447 2472 2471
f 2448 2449 2473
f 2448 2473 2472
f 2449 2426 2450
f 2449 2450 2473
f 2450 2451 2474
f 2451 2452 2474
f 2452 2453 2474
f 2453 2454 2474
f 2454 2455 2474
f 2455 2456 2474
f 2456 2457 2474
f 2457 2458 2474
f 2458 2459 2474
f 2459 2460 2474
f 2460 2461 2474
f 2461 2462 2474
f 2462 2463 2474
f 2463 2464 2474
f 2464 2465 2474
f 2465 2466 2474
f 2466 2467 2474
f 2467 2468 2474
f 2468 2469 2474
f 2469 2470 2474
f 2470 2471 2474
f 2471 2472 2474
f 2472 2473 2474
f 2473 2450 2474
f 2475 2476 2500
f 2475 2500 2499
f 2476 2477 2501
f 2476 2501 2500
f 2477 2478 2502
f 2477 2502 2501
f 2478 2479 2503
f 2478 2503 2502
f 2479 2480 2504
f 2479 2504 2503
f 2480 2481 2505
f 2480 2505 2504
f 2481 2482 2506
f 2481 2506 2505
f 2482 2483 2507
f 2482 2507 2506
f 2483 2484 2508
f 2483 2508 2507
f 2484 2485 2509
f 2484 2509 2508
f 2485 2486 2510
f 2485 2510 2509
f 2486 2487 2511
f 2486 2511 2510
f 2487 2488 2512
f 2487 2512 2511
f 2488 2489 2513
f 2488 2513 2512
f 2489 2490 2514
f 2489 2514 2513
f 2490 2491 2515
f 2490 2515 2514
f 2491 2492 2516
f 2491 2516 2515
f 2492 2493 2517
f 2492 2517 2516
f 2493 2494 2518
f 2493 2518 2517
f 2494 2495 2519
f 2494 2519 2518
f 2495 2496 2520
f 2495 2520 2519
f 2496 2497 2521
f 2496 2521 2520
f 2497 2498 2522
f 2497 2522 2521
f 2498 2475 2499
f 2498 2499 2522
f 2499 2500 2524
f 2499 2524 2523
f 2500 2501 2525
f 2500 2525 2524
f 2501 2502 2526
f 2501 2526 2525
f 2502 2503 2527
f 2502 2527 2526
f 2503 2504 2528
f 2503 2528 2527
f 2504 2505 2529
f 2504 2529 2528
f 2505 2506 2530
f 2505 2530 2529
f 2506 2507 2531
f 2506 2531 2530
f 2507 2508 2532
f 2507 2532 2531
f 2508 2509 2533
f 2508 2533 2532
f 2509 2510 2534
f 2509 2534 2533
f 2510 2511 2535
f 2510 2535 2534
f 2511 2512 2536
f 2511 2536 2535
f 2512 2513 2537
f 2512 2537 2536
f 2513 2514 2538
f 2513 2538 2537
f 2514 2515 2539
f 2514 2539 2538
f 2515 2516 2540
f 2515 2540 2539
f 2516 2517 2541
f 2516 2541 2540
f 2517 2518 2542
f 2517 2542 2541
f 2518 2519 2543
f 2518 2543 2542
f 2519 2520 2544
f 2519 2544 2543
f 2520 2521 2545
f 2520 2545 2544
f 2521 2522 2546
f 2521 2546 2545
f 2522 2499 2523
f 2522 2523 2546
f 2523 2524 2548
f 2523 2548 2547
f 2524 2525 2549
f 2524 2549 2548
f 2525 2526 2550
f 2525 2550 2549
f 2526 2527 2551
f 2526 2551 2550
f 2527 2528 2552
f 2527 2552 2551
f 2528 2529 2553
f 2528 2553 2552
f 2529 2530 2554
f 2529 2554 2553
f 2530 2531 2555
f 2530 2555 2554
f 2531 2532 2556
f 2531 2556 2555
f 2532 2533 2557
f 2532 2557 2556
f 2533 2534 2558
f 2533 2558 2557
f 2534 2535 2559
f 2534 2559 2558
f 2535 2536 2560
f 2535 2560 2559
f 2536 2537 2561
f 2536 2561 2560
f 2537 2538 2562
f 2537 2562 2561
f 2538 2539 2563
f 2538 2563 2562
f 2539 2540 2564
f 2539 2564 2563
f 2540 2541 2565
f 2540 2565 2564
f 2541 2542 2566
f 2541 2566 2565
f 2542 2543 2567
f 2542 2567 2566
f 2543 2544 2568
f 2543 2568 2567
f 2544 2545 2569
f 2544 2569 2568
f 2545 2546 2570
f 2545 2570 2569
f 2546 2523 2547
f 2546 2547 2570
f 2547 2548 2572
f 2547 2572 2571
f 2548 2549 2573
f 2548 2573 2572
f 2549 2550 2574
f 2549 2574 2573
f 2550 2551 2575
f 2550 2575 2574
f 2551 2552 2576
f 2551 2576 2575
f 2552 2553 2577
f 2552 2577 2576
f 2553 2554 2578
f 2553 2578 2577
f 2554 2555 2579
f 2554 2579 2578
f 2555 2556 2580
f 2555 2580 2579
f 2556 2557 2581
f 2556 2581 2580
f 2557 2558 2582
f 2557 2582 2581
f 2558 2559 2583
f 2558 2583 2582
f 2559 2560 2584
f 2559 2584 2583
f 2560 2561 2585
f 2560 2585 2584
f 2561 2562 2586
f 2561 2586 2585
f 2562 2563 2587
f 2562 2587 2586
f 2563 2564 2588
f 2563 2588 2587
f 2564 2565 2589
f 2564 2589 2588
f 2565 2566 2590
f 2565 2590 2589
f 2566 2567 2591
f 2566 2591 2590
f 2567 2568 2592
f 2567 2592 2591
f 2568 2569 2593
f 2568 2593 2592
f 2569 2570 2594
f 2569 2594 2593
f 2570 2547 2571
f 2570 2571 2594
f 2571 2572 2596
f 2571 2596 2595
f 2572 2573 2597
f 2572 2597 2596
f 2573 2574 2598
f 2573 2598 2597
f 2574 2575 2599
f 2574 2599 2598
f 2575 2576 2600
f 2575 2600 2599
f 2576 2577 2601
f 2576 2601 2600
f 2577 2578 2602
f 2577 2602 2601
f 2578 2579 2603
f 2578 2603 2602
f 2579 2580 2604
f 2579 2604 2603
f 2580 2581 2605
f 2580 2605 2604
f 2581 2582 2606
f 2581 2606 2605
f 2582 2583 2607
f 2582 2607 2606
f 2583 2584 2608
f 2583 2608 2607
f 2584 2585 2609
f 2584 2609 2608
f 2585 2586 2610
f 2585 2610 2609
f 2586 2587 2611
f 2586 2611 2610
f 2587 2588 2612
f 2587 2612 2611
f 2588 2589 2613
f 2588 2613 2612
f 2589 2590 2614
f 2589 2614 2613
f 2590 2591 2615
f 2590 2615 2614
f 2591 2592 2616
f 2591 2616 2615
f 2592 2593 2617
f 2592 2617 2616
f 2593 2594 2618
f 2593 2618 2617
f 2594 2571 2595
f 2594 2595 2618
f 2595 2596 2620
f 2595 2620 2619
f 2596 2597 2621
f 2596 2621 2620
f 2597 2598 2622
f 2597 2622 2621
f 2598 2599 2623
f 2598 2623 2622
f 2599 2600 2624
f 2599 2624 2623
f 2600 2601 2625
f 2600 2625 2624
f 2601 2602 2626
f 2601 2626 2625
f 2602 2603 2627
f 2602 2627 2626
f 2603 2604 2628
f 2603 2628 2627
f 2604 2605 2629
f 2604 2629 2628
f 2605 2606 2630
f 2605 2630 2629
f 2606 2607 2631
f 2606 2631 2630
f 2607 2608 2632
f 2607 2632 2631
f 2608 2609 2633
f 2608 2633 2632
f 2609 2610 2634
f 2609 2634 2633
f 2610 2611 2635
f 2610 2635 2634
f 2611 2612 2636
f 2611 2636 2635
f 2612 2613 2637
f 2612 2637 2636
f 2613 2614 2638
f 2613 2638 2637
f 2614 2615 2639
f 2614 2639 2638
f 2615 2616 2640
f 2615 2640 2639
f 2616 2617 2641
f 2616 2641 2640
f 2617 2618 2642
f 2617 2642 2641
f 2618 2595 2619
f 2618 2619 2642
f 2619 2620 2644
f 2619 2644 2643
f 2620 2621 2645
f 2620 2645 2644
f 2621 2622 2646
f 2621 2646 2645
f 2622 2623 2647
f 2622 2647 2646
f 2623 2624 2648
f 2623 2648 2647
f 2624 2625 2649
f 2624 2649 2648
f 2625 2626 2650
f 2625 2650 2649
f 2626 2627 2651
f 2626 2651 2650
f 2627 2628 2652
f 2627 2652 2651
f 2628 2629 2653
f 2628 2653 2652
f 2629 2630 2654
f 2629 2654 2653
f 2630 2631 2655
f 2630 2655 2654
f 2631 2632 2656
f 2631 2656 2655
f 2632 2633 2657
f 2632 2657 2656
f 2633 2634 2658
f 2633 2658 2657
f 2634 2635 2659
f 2634 2659 2658
f 2635 2636 2660
f 2635 2660 2659
f 2636 2637 2661
f 2636 2661 2660
f 2637 2638 2662
f 2637 2662 2661
f 2638 2639 2663
f 2638 2663 2662
f 2639 2640 2664
f 2639 2664 2663
f 2640 2641 2665
f 2640 2665 2664
f 2641 2642 2666
f 2641 2666 2665
f 2642 2619 2643
f 2642 2643 2666
f 2643 2644 2668
f 2643 2668 2667
f 2644 2645 2669
f 2644 2669 2668
f 2645 2646 2670
f 2645 2670 2669
f 2646 2647 2671
f 2646 2671 2670
f 2647 2648 2672
f 2647 2672 2671
f 2648 2649 2673
f 2648 2673 2672
f 2649 2650 2674
f 2649 2674 2673
f 2650 2651 2675
f 2650 2675 2674
f 2651 2652 2676
f 2651 2676 2675
f 2652 2653 2677
f 2652 2677 2676
f 2653 2654 2678
f 2653 2678 2677
f 2654 2655 2679
f 2654 2679 2678
f 2655 2656 2680
f 2655 2680 2679
f 2656 2657 2681
f 2656 2681 2680
f 2657 2658 2682
f 2657 2682 2681
f 2658 2659 2683
f 2658 2683 2682
f 2659 2660 2684
f 2659 2684 2683
f 2660 2661 2685
f 2660 2685 2684
f 2661 2662 2686
f 2661 2686 2685
f 2662 2663 2687
f 2662 2687 2686
f 2663 2664 2688
f 2663 2688 2687
f 2664 2665 2689
f 2664 2689 2688
f 2665 2666 2690
f 2665 2690 2689
f 2666 2643 2667
f 2666 2667 2690
f 2667 2668 2692
f 2667 2692 2691
f 2668 2669 2693
f 2668 2693 2692
f 2669 2670 2694
f 2669 2694 2693
f 2670 2671 2695
f 2670 2695 2694
f 2671 2672 2696
f 2671 2696 2695
f 2672 2673 2697
f 2672 2697 2696
f 2673 2674 2698
f 2673 2698 2697
f 2674 2675 2699
f 2674 2699 2698
f 2675 2676 2700
f 2675 2700 2699
f 2676 2677 2701
f 2676 2701 2700
f 2677 2678 2702
f 2677 2702 2701
f 2678 2679 2703
f 2678 2703 2702
f 2679 2680 2704
f 2679 2704 2703
f 2680 2681 2705
f 2680 2705 2704
f 2681 2682 2706
f 2681 2706 2705
f 2682 2683 2707
f 2682 2707 2706
f 2683 2684 2708
f 2683 2708 2707
f 2684 2685 2709
f 2684 2709 2708
f 2685 2686 2710
f 2685 2710 2709
f 2686 2687 2711
f 2686 2711 2710
f 2687 2688 2712
f 2687 2712 2711
f 2688 2689 2713
f 2688 2713 2712
f 2689 2690 2714
f 2689 2714 2713
f 2690 2667 2691
f 2690 2691 2714
f 2691 2692 2716
f 2691 2716 2715
f 2692 2693 2717
f 2692 2717 2716
f 2693 2694 2718
f 2693 2718 2717
f 2694 2695 2719
f 2694 2719 2718
f 2695 2696 2720
f 2695 2720 2719
f 2696 2697 2721
f 2696 2721 2720
f 2697 2698 2722
f 2697 2722 2721
f 2698 2699 2723
f 2698 2723 2722
f 2699 2700 2724
f 2699 2724 2723
f 2700 2701 2725
f 2700 2725 2724
f 2701 2702 2726
f 2701 2726 2725
f 2702 2703 2727
f 2702 2727 2726
f 2703 2704 2728
f 2703 2728 2727
f 2704 2705 2729
f 2704 2729 2728
f 2705 2706 2730
f 2705 2730 2729
f 2706 2707 2731
f 2706 2731 2730
f 2707 2708 2732
f 2707 2732 2731
f 2708 2709 2733
f 2708 2733 2732
f 2709 2710 2734
f 2709 2734 2733
f 2710 2711 2735
f 2710 2735 2734
f 2711 2712 2736
f 2711 2736 2735
f 2712 2713 2737
f 2712 2737 2736
f 2713 2714 2738
f 2713 2738 2737
f 2714 2691 2715
f 2714 2715 2738
f 2715 2716 2740
f 2715 2740 2739
f 2716 2717 2741
f 2716 2741 2740
f 2717 2718 2742
f 2717 2742 2741
f 2718 2719 2743
f 2718 2743 2742
f 2719 2720 2744
f 2719 2744 2743
f 2720 2721 2745
f 2720 2745 2744
f 2721 2722 2746
f 2721 2746 2745
f 2722 2723 2747
f 2722 2747 2746
f 2723 2724 2748
f 2723 2748 2747
f 2724 2725 2749
f 2724 2749 2748
f 2725 2726 2750
f 2725 2750 2749
f 2726 2727 2751
f 2726 2751 2750
f 2727 2728 2752
f 2727 2752 2751
f 2728 2729 2753
f 2728 2753 2752
f 2729 2730 2754
f 2729 2754 2753
f 2730 2731 2755
f 2730 2755 2754
f 2731 2732 2756
f 2731 2756 2755
f 2732 2733 2757
f 2732 2757 2756
f 2733 2734 2758
f 2733 2758 2757
f 2734 2735 2759
f 2734 2759 2758
f 2735 2736 2760
f 2735 2760 2759
f 2736 2737 2761
f 2736 2761 2760
f 2737 2738 2762
f 2737 2762 2761
f 2738 2715 2739
f 2738 2739 2762
f 2739 2740 2764
f 2739 2764 2763
f 2740 2741 2765
f 2740 2765 2764
f 2741 2742 2766
f 2741 2766 2765
f 2742 2743 2767
f 2742 2767 2766
f 2743 2744 2768
f 2743 2768 2767
f 2744 2745 2769
f 2744 2769 2768
f 2745 2746 2770
f 2745 2770 2769
f 2746 2747 2771
f 2746 2771 2770
f 2747 2748 2772
f 2747 2772 2771
f 2748 2749 2773
f 2748 2773 2772
f 2749 2750 2774
f 2749 2774 2773
f 2750 2751 2775
f 2750 2775 2774
f 2751 2752 2776
f 2751 2776 2775
f 2752 2753 2777
f 2752 2777 2776
f 2753 2754 2778
f 2753 2778 2777
f 2754 2755 2779
f 2754 2779 2778
f 2755 2756 2780
f 2755 2780 2779
f 2756 2757 2781
f 2756 2781 2780
f 2757 2758 2782
f 2757 2782 2781
f 2758 2759 2783
f 2758 2783 2782
f 2759 2760 2784
f 2759 2784 2783
f 2760 2761 2785
f 2760 2785 2784
f 2761 2762 2786
f 2761 2786 2785
f 2762 2739 2763
f 2762 2763 2786
f 2763 2764 2788
f 2763 2788 2787
f 2764 2765 2789
f 2764 2789 2788
f 2765 2766 2790
f 2765 2790 2789
f 2766 2767 2791
f 2766 2791 2790
f 2767 2768 2792
f 2767 2792 2791
f 2768 2769 2793
f 2768 2793 2792
f 2769 2770 2794
f 2769 2794 2793
f 2770 2771 2795
f 2770 2795 2794
f 2771 2772 2796
f 2771 2796 2795
f 2772 2773 2797
f 2772 2797 2796
f 2773 2774 2798
f 2773 2798 2797
f 2774 2775 2799
f 2774 2799 2798
f 2775 2776 2800
f 2775 2800 2799
f 2776 2777 2801
f 2776 2801 2800
f 2777 2778 2802
f 2777 2802 2801
f 2778 2779 2803
f 2778 2803 2802
f 2779 2780 2804
f 2779 2804 2803
f 2780 2781 2805
f 2780 2805 2804
f 2781 2782 2806
f 2781 2806 2805
f 2782 2783 2807
f 2782 2807 2806
f 2783 2784 2808
f 2783 2808 2807
f 2784 2785 2809
f 2784 2809 2808
f 2785 2786 2810
f 2785 2810 2809
f 2786 2763 2787
f 2786 2787 2810
f 2787 2788 2812
f 2787 2812 2811
f 2788 2789 2813
f 2788 2813 2812
f 2789 2790 2814
f 2789 2814 2813
f 2790 2791 2815
f 2790 2815 2814
f 2791 2792 2816
f 2791 2816 2815
f 2792 2793 2817
f 2792 2817 2816
f 2793 2794 2818
f 2793 2818 2817
f 2794 2795 2819
f 2794 2819 2818
f 2795 2796 2820
f 2795 2820 2819
f 2796 2797 2821
f 2796 2821 2820
f 2797 2798 2822
f 2797 2822 2821
f 2798 2799 2823
f 2798 2823 2822
f 2799 2800 2824
f 2799 2824 2823
f 2800 2801 2825
f 2800 2825 2824
f 2801 2802 2826
f 2801 2826 2825
f 2802 2803 2827
f 2802 2827 2826
f 2803 2804 2828
f 2803 2828 2827
f 2804 2805 2829
f 2804 2829 2828
f 2805 2806 2830
f 2805 2830 2829
f 2806 2807 2831
f 2806 2831 2830
f 2807 2808 2832
f 2807 2832 2831
f 2808 2809 2833
f 2808 2833 2832
f 2809 2810 2834
f 2809 2834 2833
f 2810 2787 2811
f 2810 2811 2834
f 2811 2812 2836
f 2811 2836 2835
f 2812 2813 2837
f 2812 2837 2836
f 2813 2814 2838
f 2813 2838 2837
f 2814 2815 2839
f 2814 2839 2838
f 2815 2816 2840
f 2815 2840 2839
f 2816 2817 2841
f 2816 2841 2840
f 2817 2818 2842
f 2817 2842 2841
f 2818 2819 2843
f 2818 2843 2842
f 2819 2820 2844
f 2819 2844 2843
f 2820 2821 2845
f 2820 2845 2844
f 2821 2822 2846
f 2821 2846 2845
f 2822 2823 2847
f 2822 2847 2846
f 2823 2824 2848
f 2823 2848 2847
f 2824 2825 2849
f 2824 2849 2848
f 2825 2826 2850
f 2825 2850 2849
f 2826 2827 2851
f 2826 2851 2850
f 2827 2828 2852
f 2827 2852 2851
f 2828 2829 2853
f 2828 2853 2852
f 2829 2830 2854
f 2829 2854 2853
f 2830 2831 2855
f 2830 2855 2854
f 2831 2832 2856
f 2831 2856 2855
f 2832 2833 2857
f 2832 2857 2856
f 2833 2834 2858
f 2833 2858 2857
f 2834 2811 2835
f 2834 2835 2858
f 2835 2836 2860
f 2835 2860 2859
f 2836 2837 2861
f 2836 2861 2860
f 2837 2838 2862
f 2837 2862 2861
f 2838 2839 2863
f 2838 2863 2862
f 2839 2840 2864
f 2839 2864 2863
f 2840 2841 2865
f 2840 2865 2864
f 2841 2842 2866
f 2841 2866 2865
f 2842 2843 2867
f 2842 2867 2866
f 2843 2844 2868
f 2843 2868 2867
f 2844 2845 2869
f 2844 2869 2868
f 2845 2846 2870
f 2845 2870 2869
f 2846 2847 2871
f 2846 2871 2870
f 2847 2848 2872
f 2847 2872 2871
f 2848 2849 2873
f 2848 2873 2872
f 2849 2850 2874
f 2849 2874 2873
f 2850 2851 2875
f 2850 2875 2874
f 2851 2852 2876
f 2851 2876 2875
f 2852 2853 2877
f 2852 2877 2876
f 2853 2854 2878
f 2853 2878 2877
f 2854 2855 2879
f 2854 2879 2878
f 2855 2856 2880
f 2855 2880 2879
f 2856 2857 2881
f 2856 2881 2880
f 2857 2858 2882
f 2857 2882 2881
f 2858 2835 2859
f 2858 2859 2882
f 2859 2860 2884
f 2859 2884 2883
f 2860 2861 2885
f 2860 2885 2884
f 2861 2862 2886
f 2861 2886 2885
f 2862 2863 2887
f 2862 2887 2886
f 2863 2864 2888
f 2863 2888 2887
f 2864 2865 2889
f 2864 2889 2888
f 2865 2866 2890
f 2865 2890 2889
f 2866 2867 2891
f 2866 2891 2890
f 2867 2868 2892
f 2867 2892 2891
f 2868 2869 2893
f 2868 2893 2892
f 2869 2870 2894
f 2869 2894 2893
f 2870 2871 2895
f 2870 2895 2894
f 2871 2872 2896
f 2871 2896 2895
f 2872 2873 2897
f 2872 2897 2896
f 2873 2874 2898
f 2873 2898 2897
f 2874 2875 2899
f 2874 2899 2898
f 2875 2876 2900
f 2875 2900 2899
f 2876 2877 2901
f 2876 2901 2900
f 2877 2878 2902
f 2877 2902 2901
f 2878 2879 2903
f 2878 2903 2902
f 2879 2880 2904
f 2879 2904 2903
f 2880 2881 2905
f 2880 2905 2904
f 2881 2882 2906
f 2881 2906 2905
f 2882 2859 2883
f 2882 2883 2906
f 2883 2884 2908
f 2883 2908 2907
f 2884 2885 2909
f 2884 2909 2908
f 2885 2886 2910
f 2885 2910 2909
f 2886 2887 2911
f 2886 2911 2910
f 2887 2888 2912
f 2887 2912 2911
f 2888 2889 2913
f 2888 2913 2912
f 2889 2890 2914
f 2889 2914 2913
f 2890 2891 2915
f 2890 2915 2914
f 2891 2892 2916
f 2891 2916 2915
f 2892 2893 2917
f 2892 2917 2916
f 2893 2894 2918
f 2893 2918 2917
f 2894 2895 2919
f 2894 2919 2918
f 2895 2896 2920
f 2895 2920 2919
f 2896 2897 2921
f 2896 2921 2920
f 2897 2898 2922
f 2897 2922 2921
f 2898 2899 2923
f 2898 2923 2922
f 2899 2900 2924
f 2899 2924 2923
f 2900 2901 2925
f 2900 2925 2924
f 2901 2902 2926
f 2901 2926 2925
f 2902 2903 2927
f 2902 2927 2926
f 2903 2904 2928
f 2903 2928 2927
f 2904 2905 2929
f 2904 2929 2928
f 2905 2906 2930
f 2905 2930 2929
f 2906 2883 2907
f 2906 2907 2930
f 2907 2908 2932
f 2907 2932 2931
f 2908 2909 2933
f 2908 2933 2932
f 2909 2910 2934
f 2909 2934 2933
f 2910 2911 2935
f 2910 2935 2934
f 2911 2912 2936
f 2911 2936 2935
f 2912 2913 2937
f 2912 2937 2936
f 2913 2914 2938
f 2913 2938 2937
f 2914 2915 2939
f 2914 2939 2938
f 2915 2916 2940
f 2915 2940 2939
f 2916 2917 2941
f 2916 2941 2940
f 2917 2918 2942
f 2917 2942 2941
f 2918 2919 2943
f 2918 2943 2942
f 2919 2920 2944
f 2919 2944 2943
f 2920 2921 2945
f 2920 2945 2944
f 2921 2922 2946
f 2921 2946 2945
f 2922 2923 2947
f 2922 2947 2946
f 2923 2924 2948
f 2923 2948 2947
f 2924 2925 2949
f 2924 2949 2948
f 2925 2926 2950
f 2925 2950 2949
f 2926 2927 2951
f 2926 2951 2950
f 2927 2928 2952
f 2927 2952 2951
f 2928 2929 2953
f 2928 2953 2952
f 2929 2930 2954
f 2929 2954 2953
f 2930 2907 2931
f 2930 2931 2954
f 2931 2932 2956
f 2931 2956 2955
f 2932 2933 2957
f 2932 2957 2956
f 2933 2934 2958
f 2933 2958 2957
f 2934 2935 2959
f 2934 2959 2958
f 2935 2936 2960
f 2935 2960 2959
f 2936 2937 2961
f 2936 2961 2960
f 2937 2938 2962
f 2937 2962 2961
f 2938 2939 2963
f 2938 2963 2962
f 2939 2940 2964
f 2939 2964 2963
f 2940 2941 2965
f 2940 2965 2964
f 2941 2942 2966
f 2941 2966 2965
f 2942 2943 2967
f 2942 2967 2966
f 2943 2944 2968
f 2943 2968 2967
f 2944 2945 2969
f 2944 2969 2968
f 2945 2946 2970
f 2945 2970 2969
f 2946 2947 2971
f 2946 2971 2970
f 2947 2948 2972
f 2947 2972 2971
f 2948 2949 2973
f 2948 2973 2972
f 2949 2950 2974
f 2949 2974 2973
f 2950 2951 2975
f 2950 2975 2974
f 2951 2952 2976
f 2951 2976 2975
f 2952 2953 2977
f 2952 2977 2976
f 2953 2954 2978
f 2953 2978 2977
f 2954 2931 2955
f 2954 2955 2978
f 2955 2956 2980
f 2955 2980 2979
f 2956 2957 2981
f 2956 2981 2980
f 2957 2958 2982
f 2957 2982 2981
f 2958 2959 2983
f 2958 2983 2982
f 2959 2960 2984
f 2959 2984 2983
f 2960 2961 2985
f 2960 2985 2984
f 2961 2962 2986
f 2961 2986 2985
f 2962 2963 2987
f 2962 2987 2986
f 2963 2964 2988
f 2963 2988 2987
f 2964 2965 2989
f 2964 2989 2988
f 2965 2966 2990
f 2965 2990 2989
f 2966 2967 2991
f 2966 2991 2990
f 2967 2968 2992
f 2967 2992 2991
f 2968 2969 2993
f 2968 2993 2992
f 2969 2970 2994
f 2969 2994 2993
f 2970 2971 2995
f 2970 2995 2994
f 2971 2972 2996
f 2971 2996 2995
f 2972 2973 2997
f 2972 2997 2996
f 2973 2974 2998
f 2973 2998 2997
f 2974 2975 2999
f 2974 2999 2998
f 2975 2976 3000
f 2975 3000 2999
f 2976 2977 3001
f 2976 3001 3000
f 2977 2978 3002
f 2977 3002 3001
f 2978 2955 2979
f 2978 2979 3002
f 2979 2980 3004
f 2979 3004 3003
f 2980 2981 3005
f 2980 3005 3004
f 2981 2982 3006
f 2981 3006 3005
f 2982 2983 3007
f 2982 3007 3006
f 2983 2984 3008
f 2983 3008 3007
f 2984 2985 3009
f 2984 3009 3008
f 2985 2986 3010
f 2985 3010 3009
f 2986 2987 3011
f 2986 3011 3010
f 2987 2988 3012
f 2987 3012 3011
f 2988 2989 3013
f 2988 3013 3012
f 2989 2990 3014
f 2989 3014 3013
f 2990 2991 3015
f 2990 3015 3014
f 2991 2992 3016
f 2991 3016 3015
f 2992 2993 3017
f 2992 3017 3016
f 2993 2994 3018
f 2993 3018 3017
f 2994 2995 3019
f 2994 3019 3018
f 2995 2996 3020
f 2995 3020 3019
f 2996 2997 3021
f 2996 3021 3020
f 2997 2998 3022
f 2997 3022 3021
f 2998 2999 3023
f 2998 3023 3022
f 2999 3000 3024
f 2999 3024 3023
f 3000 3001 3025
f 3000 3025 3024
f 3001 3002 3026
f 3001 3026 3025
f 3002 2979 3003
f 3002 3003 3026
f 3003 3004 3028
f 3003 3028 3027
f 3004 3005 3029
f 3004 3029 3028
f 3005 3006 3030
f 3005 3030 3029
f 3006 3007 3031
f 3006 3031 3030
f 3007 3008 3032
f 3007 3032 3031
f 3008 3009 3033
f 3008 3033 3032
f 3009 3010 3034
f 3009 3034 3033
f 3010 3011 3035
f 3010 3035 3034
f 3011 3012 3036
f 3011 3036 3035
f 3012 3013 3037
f 3012 3037 3036
f 3013 3014 3038
f 3013 3038 3037
f 3014 3015 3039
f 3014 3039 3038
f 3015 3016 3040
f 3015 3040 3039
f 3016 3017 3041
f 3016 3041 3040
f 3017 3018 3042
f 3017 3042 3041
f 3018 3019 3043
f 3018 3043 3042
f 3019 3020 3044
f 3019 3044 3043
f 3020 3021 3045
f 3020 3045 3044
f 3021 3022 3046
f 3021 3046 3045
f 3022 3023 3047
f 3022 3047 3046
f 3023 3024 3048
f 3023 3048 3047
f 3024 3025 3049
f 3024 3049 3048
f 3025 3026 3050
f 3025 3050 3049
f 3026 3003 3027
f 3026 3027 3050
f 3027 3028 3052
f 3027 3052 3051
f 3028 3029 3053
f 3028 3053 3052
f 3029 3030 3054
f 3029 3054 3053
f 3030 3031 3055
f 3030 3055 3054
f 3031 3032 3056
f 3031 3056 3055
f 3032 3033 3057
f 3032 3057 3056
f 3033 3034 3058
f 3033 3058 3057
f 3034 3035 3059
f 3034 3059 3058
f 3035 3036 3060
f 3035 3060 3059
f 3036 3037 3061
f 3036 3061 3060
f 3037 3038 3062
f 3037 3062 3061
f 3038 3039 3063
f 3038 3063 3062
f 3039 3040 3064
f 3039 3064 3063
f 3040 3041 3065
f 3040 3065 3064
f 3041 3042 3066
f 3041 3066 3065
f 3042 3043 3067
f 3042 3067 3066
f 3043 3044 3068
f 3043 3068 3067
f 3044 3045 3069
f 3044 3069 3068
f 3045 3046 3070
f 3045 3070 3069
f 3046 3047 3071
f 3046 3071 3070
f 3047 3048 3072
f 3047 3072 3071
f 3048 3049 3073
f 3048 3073 3072
f 3049 3050 3074
f 3049 3074 3073
f 3050 3027 3051
f 3050 3051 3074
f 3051 3052 3076
f 3051 3076 3075
f 3052 3053 3077
f 3052 3077 3076
f 3053 3054 3078
f 3053 3078 3077
f 3054 3055 3079
f 3054 3079 3078
f 3055 3056 3080
f 3055 3080 3079
f 3056 3057 3081
f 3056 3081 3080
f 3057 3058 3082
f 3057 3082 3081
f 3058 3059 3083
f 3058 3083 3082
f 3059 3060 3084
f 3059 3084 3083
f 3060 3061 3085
f 3060 3085 3084
f 3061 3062 3086
f 3061 3086 3085
f 3062 3063 3087
f 3062 3087 3086
f 3063 3064 3088
f 3063 3088 3087
f 3064 3065 3089
f 3064 3089 3088
f 3065 3066 3090
f 3065 3090 3089
f 3066 3067 3091
f 3066 3091 3090
f 3067 3068 3092
f 3067 3092 3091
f 3068 3069 3093
f 3068 3093 3092
f 3069 3070 3094
f 3069 3094 3093
f 3070 3071 3095
f 3070 3095 3094
f 3071 3072 3096
f 3071 3096 3095
f 3072 3073 3097
f 3072 3097 3096
f 3073 3074 3098
f 3073 3098 3097
f 3074 3051 3075
f 3074 3075 3098
f 3075 3076 3100
f 3075 3100 3099
f 3076 3077 3101
f 3076 3101 3100
f 3077 3078 3102
f 3077 3102 3101
f 3078 3079 3103
f 3078 3103 3102
f 3079 3080 3104
f 3079 3104 3103
f 3080 3081 3105
f 3080 3105 3104
f 3081 3082 3106
f 3081 3106 3105
f 3082 3083 3107
f 3082 3107 3106
f 3083 3084 3108
f 3083 3108 3107
f 3084 3085 3109
f 3084 3109 3108
f 3085 3086 3110
f 3085 3110 3109
f 3086 3087 3111
f 3086 3111 3110
f 3087 3088 3112
f 3087 3112 3111
f 3088 3089 3113
f 3088 3113 3112
f 3089 3090 3114
f 3089 3114 3113
f 3090 3091 3115
f 3090 3115 3114
f 3091 3092 3116
f 3091 3116 3115
f 3092 3093 3117
f 3092 3117 3116
f 3093 3094 3118
f 3093 3118 3117
f 3094 3095 3119
f 3094 3119 3118
f 3095 3096 3120
f 3095 3120 3119
f 3096 3097 3121
f 3096 3121 3120
f 3097 3098 3122
f 3097 3122 3121
f 3098 3075 3099
f 3098 3099 3122
f 3099 3100 3123
f 3100 3101 3123
f 3101 3102 3123
f 3102 3103 3123
f 3103 3104 3123
f 3104 3105 3123
f 3105 3106 3123
f 3106 3107 3123
f 3107 3108 3123
f 3108 3109 3123
f 3109 3110 3123
f 3110 3111 3123
f 3111 3112 3123
f 3112 3113 3123
f 3113 3114 3123
f 3114 3115 3123
f 3115 3116 3123
f 3116 3117 3123
f 3117 3118 3123
f 3118 3119 3123
f 3119 3120 3123
f 3120 3121 3123
f 3121 3122 3123
f 3122 3099 3123
f 1826 1827 3124
f 2475 2476 3124
f 1828 1829 3124
f 2477 2478 3124
f 1830 1831 3124
f 2479 2480 3124
f 1832 1833 3124
f 2481 2482 3124
f 1834 1835 3124
f 2483 2484 3124
f 1836 1837 3124
f 2485 2486 3124
f 1838 1839 3124
f 2487 2488 3124
f 1840 1841 3124
f 2489 2490 3124
f 1842 1843 3124
f 2491 2492 3124
f 1844 1845 3124
f 2493 2494 3124
f 1846 1847 3124
f 2495 2496 3124
f 1848 1849 3124
f 2497 2498 3124
